2,segundo
600,seiscientos
900,novecientos
American,americana,americano
April,abril
August,agosto
British,inglés
Chilean,chileno
Chinese,chino
Christmas,navidad
Christmas Eve,nochebuena
Cuban,cubana,cubano
December,diciembre
England,Inglaterra
English,inglés,inglesa
Englishman,inglés
Europe,Europa
European,europeo
February,febrero
France,Francia
French,francés,francesa
Friday,viernes
Fridays,viernes
G,sol
German,alemán
Great!,genial
How does it sound,qué te parece
I,me,yo
I agree,concierto
I am,estoy,soy
I am cleaning,limpio
I am drinking,bebo
I am eating,como
I am interested in,me interesa
I am laughing,río
I am learning,aprendo
I am putting on,me pongo
I am sleeping,duermo
I am sorry,lo siento
I am starting,empiezo
I am studying,estudio
I am taking,tomo
I am talking,hablo
I am using,uso
I am waiting for,espero
I am watching,miro
I am wearing,uso
I am writing,escribo
I arrange,concierto
I arrived,llegué,vine
I ask,pregunto
I ask her,le hago
I asked,hice
I ate,comí,comía
I began,comencé,empecé
I begin,comienzo
I bought,compré
I bring,traigo
I brush,me cepillo
I came,vine
I can,puedo
I can understand,entiendo
I choose,elijo
I close,cierro
I closed,cerré
I come,vengo
I danced,bailé
I did,hice
I didn't remember,me acordé
I do not know,no lo sé
I don't know,no lo sé
I drank,bebí
I drink,bebo,tomo
I eat,como
I eat breakfast,desayuno
I eat lunch,almuerzo
I enjoy,disfruté
I enjoyed,disfruté
I fall asleep,duermo
I feel,me siento
I fry,frío
I get,llegue,pongo
I get up,me levanto
I go,vaya
I go back,vuelvo
I go to bed,me acuesto
I had,bebí,comí,tuve
I have on,puesto
I have to,tengo que
I hope,espero
I knew,conocí
I know,conozco
I know how to,sé
I know you,te conozco
I learn,aprendo
I learned,aprendí
I leave,salgo
I left,fui,salí
I like,gustan,gustaron,me gusta
I liked,gustaron
I lived,viví
I look at,miro
I love,encantan,quiero
I loved,encantó
I make,hago
I may,puede
I meet up,me encuentro
I need,necesito
I need to,tengo que
I need you,te necesito
I parch,agosto
I played,practiqué
I practiced,practiqué
I put,pongo
I put on,me pongo
I reached,llegué
I read,leo
I remember,recuerdo
I remembered,me acordé
I return,vuelvo
I rode,montaba
I said,dije
I saw,miré,vi
I say,digo
I send,mando
I shower,me ducho
I shut,cerré
I start,comienzo,empiezo
I started,comencé,empecé
I stay,me quedo
I stayed,estuve
I stood up,me levanté
I studied,estudié
I study,estudio
I take,cojo
I told,dije
I took,cogí,hice
I traveled,viajé
I tried,probé
I turn,giro
I typed,escribí
I use,uso
I used to live,vivía
I used to play,jugaba
I used to read,leía
I used to ride,montaba
I used to study,estudiaba
I used to swim,nadaba
I visited,visité
I wait,espero
I wake up,me despierto
I walked,caminé
I want,quiero
I want it,la quiero,lo quiero
I was,estuve
I was studying,estudiaba
I was swimming,nadaba
I wash,me lavo
I waste,frío
I weigh out,peso
I will leave,voy
I wish,quisiera
I wither,agosto
I wonder,pregunto
I work,trabajo
I worry,me preocupo
I would like,querría,quisiera
I write,escribo
I wrote,escribí
I'll see you later,hasta luego
I'm,estoy
I'm asking her,le hago
I'm asking him,le hago
I'm buying it,lo compro
I'm choosing,elijo
I'm coming,vengo
I'm familiar with,conozco
I'm feeling,me siento
I'm giving,doy
I'm having,tengo
I'm hearing,oigo
I'm interested in,me interesa
I'm leaving,salgo
I'm opening,abro
I'm putting on,me pongo
I'm staying,me quedo
I'm telling,cuento
I'm worried,me preocupo
I've been feeling (since),me siento
I've got,tengo
I/he/she/it/you bring … face to face,enfrente
I/he/she/it/you bring … into conflict,enfrente
I/he/she/it/you enter,entre
I/he/she/it/you excuse,disculpe
Italian,italiano
January,enero
Japanese,japonés
July,julio
June,junio
Leo,leo
Luggage,maletas
March,marzo
May,mayo
Mexican,mexicano
Monday,lunes
Mondays,lunes
Mr.,señor
Mrs.,señoras
Ms.,señorita
New Year's,año nuevo
New Year's Eve,nochevieja
November,noviembre
October,octubre
Portuguese,portugués,portuguesa
Rio,río
Sabbath,domingo,domingos,sábado,sábados
Saturday,sábado,sábados
Saturdays,sábados
September,septiembre
Spain,España
Spaniard,español
Spanish,español,española
Spanish man,español
Sunday,domingo,domingos
Sundays,domingos
T-shirt,camiseta
TV,tele,televisión
Thursday,jueves
Thursdays,jueves
Tuesday,martes
Tuesdays,martes
Wednesday,miércoles
Wednesdays,miércoles
What do you think,qué te parece
Xmas,navidad
Yule,navidad
a,algún,un,una,unas
a few,unas
a hundred,ciento
a little,algo
a long time ago,hace mucho tiempo
a lot,mucho
a lot of,muchas,muchos
a moment ago,ahora
a while,poco
a/one hundred,cien
about,sobre
above,arriba
absent,sin
accompany,acompañar
act,número
acting,haciendo
address,dirección
administrative area,partidos
adult,adulto
adventure,aventura
advertisement,anuncio
affair,aventura
afraid,miedo
after,después
afternoon,tarde
afterward,después
again,otra vez,vuelven
age,edad,era
ago,atrás
ah,ah
ahead,próximo
aircraft,avión
airplane,avión
airport,aeropuerto
album,álbum
alcohol,alcohol
alive,vivo
all,todo,todos
all of,todos
all right,bueno
all the time,todo el tiempo
allowance,domingo,semana
allowances,semanas
along,junto
already,ya
also,también
always,siempre
am,estoy,soy
amateurs,gatos
among,entre
an,un,una,unos
and,y
angry,enojado
animal,animal
announcement,anuncio
annoyed,enojado
another,otro
another one,otro
answer,respuesta
anxious,preocupado
any,algún,alguno,ningún,ninguno,un poco
any more,más
anyone,alguien
anything,algo
anyway,bueno,entonces
apartment,apartamento
apology,disculpa
appeared,salí
appears,parece
apple,manzana
apt,feliz
are,cuestan,están,estás,estuviste,somos,son,tienes
are living,viven
are paying for,pagamos
are the names of,se llaman
are they,son
are they drinking,beben
are they showering,se duchan
are we,estamos
are we buying,compramos
are we getting up,nos levantamos
are we meeting up,nos encontramos
are we waking up,nos despertamos
are you,eres,es
are you coming back,vuelve
are you doing,haces
are you eating,comen
are you familiar with,conoces
are you feeling,te sientes
are you getting up,se levanta
are you giving,das
are you having lunch,almuerzas
are you interested in,les interesa,te interesa
are you learning,aprenden,aprendes
are you putting on,te pones
are you showering,te duchas
are you using,usando,usas
are you writing,escribes
area,centro
aren't being,eres
arm,brazo
arrive,llegaste,llegué
arrives,llegue
art,arte
as,tan
as a child,de niño
as well,también
ask,pregunto
asked,hizo,pedimos
assignment,tarea
assist,ayudar
at the back,atrás
ate,comes,comías,comimos,comió
attend,vas a
automobile,carro
automobiles,carros
autumn,otoño
available,disponible
average,media
award,premio
away,a
awesome,genial
baby,bebé
backyard,patio
bad,mal,malo
bag,bolsa,cartera
bags,maletas
baked,asado
ball,huevo,pelota
ballpoint pens,bolígrafos
banana,banana,plátano
bananas,bananas
band,grupo
bank,banco
banks,banco
bar,bar,pan
barmaid,camarera
barman,camarero
barrage,lluvia
bars,bar
baseball,béisbol
based,pie
basketball,baloncesto,básquetbol
bathroom,baño
be,ser,somos
be seated,sentarnos
beach,playa
beaches,playa
bean,frijol
beard,barba
beards,barba
beautiful,bello,bonita,bonitas,bonitos,estupendo,hermoso
beautifully,hermoso
because,por,porque
become,hiciste
bed,cama
bedroom,cuarto,dormitorio,habitación
bedrooms,cuartos
beef,carne
been on the game,ocupado
beer,cerveza
before,antes
began,comenzó
begin,comenzó,empezamos,empieza
beginning,comienzo
behind,detrás
being,estar
bellboy,camarero
belt,cinturón
best,mejor
better,mejor
between,entre
bicycle,bicicleta
big,gran,grande,grandes
biggest,mayor
bike,bici
biking,ciclismo
bird,pájaro
birthday,cumpleaños
birthday party,cumpleaños
birthdays,cumpleaños
biscuit,galleta
bit,poco
black,negro
blackboard,pizarra
block,manzana
bloke,hombre
blond,rubio
blouse,blusa,camisa
blue,azul
board game,juego de mesa
boat,barco
body,cuerpo
bon appétit,buen provecho
book,libro
bookcase,biblioteca,bibliotecas,estantería
books,libros
bookshelf,estantería
bookshelves,biblioteca,bibliotecas
bookshop,librería
bookstore,librería
boot,bota
bored,abriste,aburrido
boring,aburrido
boss,jefe
both,ambos
bottle,botella
box,caja
boy,chico,niño
boyfriend,novio
bread,pan,panes
break,descanso
breakfast,desayuno
bride,novia
brighter,vivo
brother,hermano
brown,cafés,marrón
brunette,moreno
brush,cepillo
bud,amigo
buddy,amigo
burger,hamburguesa
bus,autobús
business,empresa,negocio
business card,tarjeta
busy,ocupada,ocupado
but,menos,pero
butter,mantequilla
buy,compra,compraron,compré
by far,lejos
by itself,solo
by myself,solo
by yourself,solo
cab,taxi
cafés,cafés
cake,pan,pastel
call us,nos llamas
calling,llamar
calm,tranquilo
camera,cámara
camp,campamento
camping,campamento
can,podemos,puedes,puedo,sé
can I try on,me puedo probar
can we,podemos
can you,puede
can you bring,puede traer,traes
can you choose,eliges
can you close,cierras
can you help me,me ayudas
can you help us,nos ayudas
can you open,abres
can you tell,dices
cap,gorra
car,carro
card,carta,tarjeta
carriages,carros
cars,carros
carve,talla
cat,gato
cats,gatos
caught,cogí,parada
celebrated,famoso
celebrity,famoso
cell,celular
cell phone,celular
cell phones,celulares
cellphone,celular
cent,centavo
center,centro
cereal,cereal
certificate,diploma
chair,silla
chalkboard,pizarra
champagne,champán
change,cambiar
charge,precio
chat,conversar
cheap,barato
check,cuenta
checkout,caja
cheese,queso
chef,chef
chess,ajedrez
chicken,pollo
child,niña,niño
children,hijos
chocolate,chocolate
choose,elegimos,elegir,eliges
chorizo,chorizo
church,iglesia
cinema,cine,teatro
cities,ciudades
city,ciudad
class,clase,curso
classes,clases
classmate,compañero de clase
classroom,aula
classrooms,clases
clean,limpiaron,limpió
clearer,limpio
climate,clima
clock,reloj
close,cerca,cercano,cerraron,cerré,cierran,cierro
close to,cerca de
closed,cercano,cerrado
clothes,ropa
cloudy,nublado
coaching,escuelas
coat,abrigo
coffee,café
coffees,cafés
cold,frío
colleague,colega
college,universidad
college students,estudiantes
colleges,escuelas,universidades
color,color
colors,color
come,vengo,venir,viene,vine,vinieron,vinimos,viniste
come back,volver
come on!,arriba
comfortable,cómoda
comfy,cómodo
comic,cómic
coming out,saliendo
company,empresa
completely,completamente
composer,música
computer,computadora
computers,computadoras
concerned,ocupado,preocupado
concert,concierto,conciertos
concerts,conciertos
considerable (plural),importantes
constable,número
continue,siga
contribute,escribo
convenient,cómoda,cómodo
conversation,conversación
converse,conversar
cook,cocinaron,cocinó
cooking,cocinar
cool,genial
costume,traje
could you,puede,puedes
could you bring,traer
could you give me,das
could you tell,dices
country,país
couple,par
coupons,boletos
course,curso,plato
cousin,primo
cow,vaca
cracker,galleta
credit,tarjeta de crédito
credit card,tarjeta de crédito
crowded,lleno
cup,taza
curly,chino
cute,listo
cycling,ciclismo
dad,padre,papá
daily,diario
daily newspaper,periódico
dance,baila,bailé,baile
dance hall,baile
dance!,baile
danced,bailé
dances,bailes
dancing,baila,bailar
dark,oscuro
dark-haired,moreno
darker,moreno,oscuro
date,fecha
daughter,hija,niña
day,día
days,días
deal,negocio,precio
dear,querido
degree,diploma
departed,partido
departs,sale
designed,plan
desk,escritorio
dessert,postre
dictionary,diccionario
did he go,fue
did he shut,cerró
did he talk,habló
did it start,empezó
did she buy,compró
did she eat,comió
did she have,tuvo
did she open,abrió
did she use to eat,comía
did she use to play,jugaba
did they clean,limpiaron
did they close,cerraron
did they cook,cocinaron
did they go,fueron
did they live,vivían
did they meet,conoció
did they open,abrieron
did they use to live,vivían
did they wash,lavaron
did they watch,miraron
did they write,escribieron
did we send,pasamos
did you bring,trajiste,trajo
did you buy,compraron,compraste
did you come,vinieron,viniste
did you drink,bebieron,bebió,bebiste
did you eat,comieron,comiste
did you enjoy,disfrutaron,disfrutaste
did you find,encontraron,encontraste
did you get,compraste
did you go out,saliste
did you have,tuviste
did you learn,aprendieron,aprendiste
did you leave,saliste
did you live,viviste
did you love,encantaron,encantó
did you meet,conocieron,conociste
did you open,abriste
did you pay,pagó
did you pay for,pagaste
did you play,hiciste
did you reach,llegaste
did you ride,montaste
did you say,dijiste
did you see,viste
did you speak,hablaste
did you study,estudiaste
did you tell,dijiste
did you travel,viajaron,viajaste
did you try,probaste
did you use to eat,comían,comías
did you use to have,tenían
did you use to live,vivías
did you use to play,jugaban,jugabas
did you use to read,leías
did you use to ride,montabas
did you use to study,estudiabas
did you use to swim,nadabas
did you use to visit,visitaban
did you visit,visitaron,visitaste,visitó
did you walk,caminaron,caminaste,caminó
did you watch,viste
did you write,escribió,escribiste
different,diferente
difficult,difícil
dinner,cena,cenar
dip,salsa
diploma,diploma
direct,mando
direction,dirección
directions,direcciones
dirty,sucio
dish,plato
dismal,triste
do I need,necesito
do I turn,giro
do not,no
do they cost,cuestan
do they leave,salen
do they like,gustan,les gusta
do they love,les encanta
do they work,trabajan
do we have,tenemos
do we need,necesitamos
do we need to,tenemos que
do we say,decimos
do we start,comenzamos
do you close,cierras
do you drink,bebes
do you eat,come,comemos,comen,comes
do you feel,se sienten,te sientes
do you get up,se levantan,te levantas
do you have lunch,almuerzas
do you hear,oyes
do you know,sabe usted,sabes
do you know when,sabes cuándo
do you know who,sabes quién
do you like,le gusta,te gusta
do you live,vive,viven,vives
do you love,le encanta,te encanta
do you need,necesitas
do you plan,piensa
do you read,leen
do you shower,se duchan,te duchas
do you speak,hablas
do you study,estudias
do you understand,entiende,entienden
do you use,usas
do you want,quiere,quieres
do you wear,usas
do you work,trabajas
do you write,escriben
doctor,médica,médico
does he get up,se levanta
does he need,necesita
does he speak,habla
does he study,estudia
does he wear,usa
does it close,cierra
does it have,tiene
does it interest you,te interesa
does it open,abre
does it rain,llueve
does it seem,parece
does it start,empieza
does she come,viene
does she need,necesita
does she write,escribe
dog,perro
dogs,perros
doing,haciendo
doll,muñeca
dollar,dólar
don't,fiesta
door,puerta
dormitory,dormitorio
down,abajo
downstairs,abajo
downtown,centro
drank,bebimos
draw,dibujar
drawing,dibujando
dream,sueño
dress,vestido
dressed-up,guapo
dresser,cómoda
drink,beba,bebemos,beber,bebes,bebí,bebida,bebieron,bebió,bebiste,bebo,tome,tomo
drinking,beber,bebiendo
drinks,beben
drive,abren,abro,manejar,viaje
driven,abierto,entrada
driving,manejar
during,durante
dye,color
each,cada
ear,oreja
early,pronto,temprano
easy,fácil
eat,comer,comieron,comiste
eaten,comía,comida
eating,comer,comiendo
egg,huevo
eight,ocho
eight hundred,ochocientos
eighteen,dieciocho
eighty,ochenta
either,tampoco
elderly,mayor
elegant,elegante
eleven,once
email,correo electrónico
emails,correos electrónicos
encountered,encontró
encounters,encuentra
end,final
ending,final
enjoy,disfrutar,disfrutaron,disfrutaste,disfruté
enjoy your meal,buen provecho
enjoyed,disfrutaste
enjoying,disfrutando
entertainment,espectáculo
essay,pruebo
evening,noche,tarde
ever,jamás
every,cada
every once in a while,de vez en cuando
everybody,todo el mundo,todo,todos
exam,examen
example,ejemplo
excellent,excelente
excited,emocionados
exciting,emocionante
excuse me,disculpa,disculpe,perdón,perdona,perdone
excuse!,disculpe
expected,espera
expensive,cara,caro
experienced,tuvo
extra,extra
eye,ojo
face,cara
faces,cara
factory,fábrica
fall,otoño
falls,se queda
families,familias
family,familia
famous,famoso
fantastic,fantástico
far,lejos
far away,lejos
farm,granja
fashionable,moderno
fat,gordo
father,padre,papá
fathers,padres
favor,sorpresa
favorite,favorita,favorito
fear,miedo
feel,me encuentro,nos sentimos,se sienten,sentirse
feeling,sentirse
felicitous,feliz
festival,fiestas
festivals,fiestas
fewer,menos
fiancé,novio
fiancée,novia
fifteen,quince,quince
fifty,cincuenta
figure,cuerpo
figured,pienso
filled,lleno
film,película
films,películas
final,final,último
find,encontraste,encontré,encuentra
finds,encuentra
fine,bien,excelente
firm,empresa
first,antes,primer,primero
fish,pescado,pez
fitting room,probador
five,cinco
five hundred,quinientos
fixed,compraron,compró
floor,piso,planta
flower,flor
folk,popular
follow,siga
following,siguiente
food,comida,frijol
foot,pie
football,fútbol
for,durante,para
for real,de verdad
for us,nos
forests,bosques
forgive,perdone
forgive me,perdona
fork,tenedor
forty,cuarenta
found,encontramos,encontraron,encontré
four,cuatro
four hundred,cuatrocientos
four-stringed guitar,cuatro
fourteen,catorce
fourth (num.),cuartos
frequently,frecuentemente
fridge,nevera,refrigerador
fried,frito
friend,amiga,amigo
fruit,fruta
fry,frito
full,lleno
fun,divertida,divertido
funny,divertida,gracioso
future,mañana
game,partido
games,juego,partidos
garden,jardín
garment,traje
gate,puerta
generally,generalmente
gentleman,señor
gentlemen,señores
gently,despacio
get,abren,abrí,coges,cogimos,cojo,compran,compré,entiendo,recibir,traigo,trajiste
get back,vuelva
getting,haciendo
getting up,levantarme
gift,regalo
girl,niña
girlfriend,novia
girls,señoritas
giving,doy
glad,contento
glass,vaso
glasses,lentes
gloomy,triste
go,digo,fueron,fui,fuimos,fuiste,nos acostamos,pasar,salieron,tome,van,vas,vaya,voy
go to bed,acostarse
go with,acompañar
goes down,baja
going,voy
golf,golf
good,buen,gente
good afternoon,buenas tardes
good evening,buenas noches,buenas tardes
good morning,buenos días
good night,buenas noches
good-looking,guapo
goodbye,adiós
got,abrí,trajiste,tuve
grade,curso,nota
grain,cereal
granddad,abuelito
grandfather,abuelito,abuelo
grandmother,abuela
grandpa,abuelito
grass,césped
grate,parrilla
gray,gris
great,buen,estupendo,excelente,fantástico,gran
green,verde,verdes
green (plural),verdes
grey,gris
grill,parrilla
grilled,asado
groceries,compra
groom,novio
ground,piso
group,grupo
guitar,guitarra
guy,hombre
gym,gimnasio
had,comí,haber,pasado,tuviste
hail,lluvia
hails,llamar
hair,cabello,cepillo
hairbrush,cepillo
hamburger,hamburguesa
hand,mano
handles,manejar
handsome,guapo
happier,contento
happy,contento,felices,feliz
harmonica,música
has to,tienen que
hat,sombrero
hate,odiar
have,beba,invitar,tener,tengo que,tenía,tenían,tienes,tuve
have been (since),estamos
have you been studyin,estudias
have you been working,trabajas
have you known,conoces
having,bebiendo,comiendo
he,a él,él
he ate,comió
he began,empezó
he brought,trajo
he buys me,me compra
he buys us,nos compra
he buys you,te compra
he closed,cerró
he comes,viene
he cooked,cocinó
he dances,baila
he drinks,bebe
he eats lunch,almuerza
he enjoyed,disfrutó
he enjoys,disfruta
he feels,se siente
he found,encontró
he gets up,se levanta
he had,tenía,tuvo
he is buying,compra
he is buying me,me compra
he is cooking,cocina
he is drinking,bebe
he is enjoying,disfruta
he is interested in,le interesa
he is leaving,sale
he is speaking,habla
he is staying,se queda
he is teaching me,me enseña
he is using,usa
he is visiting us,nos visita
he is writing,escribe
he knows me,me conoce
he learned,aprendió
he learns,aprende
he left,salió
he likes,le gusta
he listens to me,me escucha
he lived,vivió
he lives,vive
he looked at,miró
he loves,le encanta
he made,hizo
he met,conoció
he needs me,me necesita
he needs them,los necesita
he needs to,tiene que
he notices,nota
he paid for,pagó
he plans,piensa
he played,practicó
he puts on,se pone
he said,dijo
he showers,se ducha
he spoke,habló
he studied,estudió
he takes,coge,toma
he teaches me,me enseña
he thinks,piensa
he told,dijo
he traveled,viajó
he understands,entiende
he used to have,tenía
he used to visit,visitaba
he visited,visitaba
he visits us,nos visita
he walked,caminó
he was riding,montaba
he washed,lavó
he watched,miró
he went,fue
he would want,querría
he wrote,escribió
he's having,bebiendo
he's wearing,lleva puesto
he/she hears,escuche
he/she returns,vuelva
he/she/it helps,ayuda
he/she/it swims,nada
he/she/it/you arrived,vino
he/she/it/you came,vino
he/she/it/you stayed,estuvo
head,cabeza
headship,direcciones
healthy,saludable
hear,escuchar,escuche,oigo,oímos,oyes
heard,escuchamos
hearing,escuchando
hears,oigo,oímos,oye,ve
heat,calor
heavier,duro
hello,hola
help,ayuda,ayudar,ayude
helping,ayudar
helps,ayude
her,el,ella,la,le,su
her name is,se llama
her plural,sus
here,acá,aquí
hers,les,suyo
hey,oye
hi,hola
high,alta,alto
high ground,alto
highway,carretera
hike,excursión
hiking,excursión
him,él,les,lo
himself,mismo
hip-hop,hip-hop
his,su
his name is,se llama
his plural,sus
hobby,hobby
hold on,espera,espere
holiday,fiesta
homes,casas
homework,tarea
horse,caballo
horses,caballo
hospital,hospital
hospitals,hospital
hot,caliente,calor,caluroso,picante
hotel,hotel
hotels,hotel
hour,hora
house,casa
houses,casas
how,cómo,qué tal,qué
how are you,qué tal
how do you say,cómo se dice
how do you write,cómo se escribe
how long,cuánto
how many,cuántas
how much,cuánta,cuánto
how old,cuántos años
how to cook,cocinar
how to dance,bailar
how's,cómo está,cómo,qué tal
how's it going,cómo te va
how's the weather,cómo está el tiempo
hunger,hambre
hungry,hambre
husband,esposo,marido
i,a mí
i'm,me encuentro,voy a
ice,hielo
idle,cómodo
ill,enfermo,mal
image,imagen
important,importante,importantes
in,dentro,en
in front,enfrente
in her opinion,para ella
in his opinion,para él
in the back,atrás
inside,dentro
instance,ejemplo
insurance,seguro
intelligent,inteligente,inteligentes
interest,interesan
interesting,interesante,interesantes
investigate,estudian
invitation,invitación
invite,invitación
is,cuesta,es,estuvimos,fuiste,hace,llega,tiene,va a,va
is following,sigue
is he wearing,lleva puesto
is into,le interesa
is it snowing,nieva
is she putting on,se pone
is there,tengo,tienen
is your name,te llamas
issues,sale
it,él
it begins,empieza
it eats,come
it enjoyed,disfrutó
it interests me,me interesa
it is,cuesta,está
it is called,se llama
it opens,abre
it rained,llovió
it rains,llueve
it reaches,llega
it snowed,nevó
it snows,nieva
it turns,gira
it was,eran,estuvo
it's,es,haga
it's hard,cuesta
jacket,chaqueta
jazz,jazz
jeans,vaqueros
jobs,trabajo
joule,julio
juice,jugo
juices,jugos
jump,bota
keeps,sigue
key,llave
kid,niño
kilo,kilo
kilogram,kilo
kind,amable,gente
kind of,un poco
kinds,tipo
kitchen,cocina
knew,conocí,teníamos,tenías
knife,cuchillo
know,conocer,conocí,conoció,conociste,conozco,sabes,sé
ladies,señoras,señoritas
lady,mujer,señora,señorita
lake,lago
land,país
language,idioma,lengua
large,gran,grandes
last,pasado,último
last night,anoche
late,tarde
later,luego
later on,luego
lawn,césped
lazy,perezoso
lead,ejemplo
leading,saliendo
learn,aprendemos,aprender,aprendes,aprendieron,aprendimos,aprendió,aprendiste
learned,aprendí,aprendimos
learning,aprender,aprendiendo,aprendo
leave,saliendo,salieron,salimos
leaves,parte
leaving,salgo
lecture,lección
lees,lee
left,fuiste,izquierda,salí
leg,pierna
lenses,lentes
lesson,lección
let's,vamos
letter,carta
libraries,bibliotecas
library,biblioteca
lie down,acostarse
life,vida
lifetime,vida
light,ligero
like,como,gustaría,gustó,les gusta,me gusta,nos gusta,querer
likes,le gusta
listening,escuchando
listening to,escuchando
lit,ligero
little,menor,pequeña,pequeñas,pequeños,poco
little ones,pequeño
live,vive,vives,vivía,vivimos,vivió,vivir,vivo
lived,viví,vivían,viviste
lives,vida
living room,sala
location,lugar,sitio
lock,cierra,llave
long,largo
look,mira,miramos,miró,parece
look at,mira,miré
look out,ojo
looking for,buscando
looks at,mira
lose,perdemos,pierden,pierdes
lots of,muchas,muchos
lounge,sala
love,amar,cero,me encanta,nos encanta,queremos,querer,te encanta
lovely,hermoso
loves,le encanta,les encanta
low,baja
lump,huevo
lunch,almuerzas,almuerzo
ma'am,señora
mad,enojado
made,abierto,cogí,cogimos,haces,hago,hicimos,hiciste,hizo,ser,tomamos
made of,de
made … tired,cansada,cansado
maid,camarera
make,ganas,hago,haz,tienen
makes,coge,hace,tiene
makes us,nos ponemos
man,hombre
managements,direcciones
manager,jefe
many,muchas,muchos
mascot,mascota
match,partido
matches,partidos
matter,problema
may,pueden
may I,puedo
maybe,a lo mejor
me,a mí,me,mí,yo
meal,comida
mean,malo,quiere,quiero
meant,fantástico,media
meat,carne
meats,carnes
medical,médica
medicine,medicina
meet,conocieron,conocimos
meeting,reunión
meeting up,encontrarme
men,hombres,señores
menus,menús
message,mensaje
met up,encontré
meter,metro
meters,metro
mexican,mexicana
midday,mediodía
midnight,medianoche
mild,dulce,ligero
milder,dulce
milk,leche
million,millón
millionth,millón
mine,el mío,mío
minister,secretario
minus,menos
minute,minuto
miss,señorita
modern,moderno
mom,mamá
moment,cinco,momento
money,dinero
month,mes
more,más
morning,mañana
most,más
mother,madre,mamá
motorcycle,motocicleta
mouth,boca
move,emocionar
moves,emocionar
movie,película
movie theater,cine,teatro
movies,películas
moving,emocionante
mug,taza
museum,museo
museums,museo
music,música
my,mi,mis
my name is,me llamo
myself,me
n't,no
name,nombre
nationality,nacionalidad
near,cerca
nearby,cerca,cercano
nearest,próximo
need,necesitamos,necesitan,necesitas,necesito,tenemos que,tienen que
neither,ninguno,tampoco
nervous,nervioso
never,jamás,nunca
new,nuevas,nuevo,nuevos
newer,nuevas,nuevo,nuevos
newest,nuevas,nuevo,nuevos
newspaper,diario,periódico
next,después,junto,próximo,que viene,siguiente
next to,al lado
nice,amable,bonita,bonitas,bonitos,buen,simpática,simpático
nice to meet you,mucho gusto
night,noche
nine,nueve
nine hundred,novecientos
nineteen,diecinueve
ninety,noventa
no,ningún
no one,nadie
no-one,nadie
nobody,nadie
noise,ruido
noisy,ruido
none,ningún
none of them,ninguno
noon,mediodía
normally,normalmente,usualmente
nose,nariz
note,nota
nothing,nada
nought,cero
noughts and crosses,gatos
now,ahora,ya
now and then,de vez en cuando
nowadays,hoy
number,número
number eight,ocho
number eighteen,dieciocho
number eighty,ochenta
number eleven,once
number fifty,cincuenta
number forty,cuarenta
number four,cuatro
number nineteen,diecinueve
number seven,siete
number seventeen,diecisiete
number twelve,doce
of course,por supuesto
of the,del
off,de
office,oficina
offices,oficinas
often,a menudo,frecuentemente
oh,ah,ay
oil,aceite
ok,bien
old,mayor,viejo
old man,viejo
on,puesto,sobre
on top of,encima,sobre
once in a while,de vez en cuando
one,algún,alguno,un,una,uno
one hundred,cien,ciento
one thousand,mil,mil
ones,unos
only,pero
open,abierto,abre,abres,abrí,abrieron,abrió,abro,empiezas
opening,abriendo
option,extra
or,o
orange,naranja
order,pedir
other,otro
ouch,ay
our,nuestro
our names are,nos llamamos
ours,nuestro
ourselves,nos
out,salió
outing,excursión
outside,fuera
over there,allá
owl,búho
pack,paquete
package,paquete
packed,hicimos
page,página
paid,pagamos
paint,pintar,pintura
painting,pintura
pair,par
pants,pantalón
paper,diario,papel
pardon,perdón
pardon me,perdona,perdone
parents,padres
park,parque
parked,parque
parks,parque
part,papel,parte
parties,fiestas
party,fiesta
party piece,gracias
passed,pasado,pasamos
passing,pasar
passport,pasaporte
passports,pasaportes
past,ayer,último
patio,patio
pay,pagamos,pagaste,pagó
pen,bolígrafo
pencil,lápiz
penny,centavo
pens,bolígrafos
people,gente,personas,pueblo
peoples,pueblos
percent,ciento
perfect,perfecto
performance,espectáculo
person,persona
pet,mascota
pets,mascota
phone,teléfono
phones,teléfonos
photo,foto
photos,foto
piano,piano
picture,foto,imagen
pig,cerdo
pity,pena
pizza,pizza
place,lugar,pon,sitio
plan,plan
plane,avión
planned,plan
planning,pensando,pienso
plant,planta,vegetal
plants,planta
plate,plato
play,juego,obra de teatro,pones,practiqué
played,jugamos,practicamos
player,jugador
playing,juego
pleasant,simpático
please,por favor
plimsoll,tenis
pocket money,semana,semanas
pool,piscina
poor,pobre
poor thing,pobre
popular,popular
pork,carne,cerdo
positive,seguro
possible,posible
potato,papa,patata
practice,practicamos
prayer,oración
preferred,preferimos,preferir
preferring,preferir
press,piso
pretty,bello,bonita,bonitas,bonito,bonitos
previously,antes
price,precio
prize,premio
problems,problema
produced,teníamos
professor,profesor
project,proyecto
prompt,pronto
provided (that),siempre
providing (that),siempre
purple,morado
purse,cartera
purses,carteras
put,nos ponemos,pon,ponerme,ponerte,ponga,puesto,se ponen
put/pile/stack … one on top of the other!,encima
putting on,ponerme,ponerte
quarter,cuarto
question,pregunta
questions,preguntas
quick,rápido
quickly,rápido
quiet,tranquilo
quietly,despacio
quiz,prueba
radio,radio
rain,llovió,lluvia
raining,lloviendo,llueve
read,lee,leemos,lees,leo
reading,leías,leyendo
ready,listo
real,de verdad
realize,comprender
really,de verdad
really big,grandísimo
really difficult,dificilísimo
really easy,facilísimo
really large,grandísimo
really tired,cansadísimo
reason,por qué
receive,recibir
receptions,vinos
red,rojas,rojo,rojos,tinto
refrigerator,nevera,refrigerador
refrigerators,refrigerador
reliable,responsable
rely on,cuento
remains,se queda
remember,me acuerdo,nos acordamos,recordamos,recuerdo
replace,cambiar
reply,respuesta
reservation,reserva
response,respuesta
responsible,responsable
rest,descanso
restaurant,restaurante
restaurants,restaurantes
return,vuelvo
reunion,reunión
rice,arroz
ride,montar
riding,montar
right,derecha
right hand,derecha
right now,ya
right-hand,derecha
ringing,hablando
river,río
riverboat,barco
road,carretera
roasted,asado
role,papel
room,cuarto,dormitorio,habitación,sala
roommate,compañero de cuarto
rooms,cuartos
run,correr,corrimos,corrió
running shoe,tenis
sad,triste,tristes
sadly,desafortunadamente
said,dije,dijiste,dijo,hablaste
salad,ensalada
salads,ensaladas
salsa,salsa
salt,sal
salty,picante
same,mismo
sandwich,sándwich
sandwiches,sándwich,sándwiches
satchels,carteras
sauce,salsa
sausage,chorizo
saw,ver,vi,vimos,viste
scared,miedo
school,escuela
schools,escuelas
searching for,buscando
season,estación
second,segundo
secretary,secretario
see,vi,vimos
see you,nos vemos
see you later,hasta luego
see you tomorrow,hasta mañana
select,elegir
sentence,oración
serious (plural),importantes
serve,servir
server,mesero
serving,servir
setting,dirección
seven,siete
seven hundred,setecientos
seventeen,diecisiete
seventy,setenta
severe,duro
shame,pena
she,ella
she brought,trajo
she buys me,me compra
she buys us,nos compra
she buys you,te compra
she cleaned,limpió
she cooked,cocinó
she eats,come
she eats lunch,almuerza
she enjoyed,disfrutó
she feels,se siente
she found,encontró
she goes,va
she got,compró
she had,bebió
she hopes,espera
she is feeling,se siente
she is interested in,le interesa
she is learning,aprende
she is reading,lee
she is teaching me,me enseña
she is using,usa
she is visiting us,nos visita
she is working,trabaja
she knows me,me conoce
she learned,aprendió
she learns,aprende
she listens to me,me escucha
she lived,vivía,vivió
she loves me,me ama
she must,tiene que
she needs me,me necesita
she needs them,los necesita
she played,practicó
she puts on,se pone
she ran,corrió
she read,leía
she sees,ve
she showers,se ducha
she shut,cerró
she started,comenzó,empezó
she studies,estudia
she takes,toma
she traveled,viajó
she used to visit,visitaba
she visited,visitó
she walked,caminó
she was reading,leía
she wears,lleva puesto
she went out,salió
she would play,jugaba
she wrote,escribió
she'll,ella
she's,va a
shelf,estantería
ship,barco
shirt,camisa
shocked,sorprendido
shoe,zapato
shopping,de compras
short,bajo
shorts,pequeño
shot,peso
should I bring,traigo
should I choose,elijo
should I close,cierro
should I give,doy
should I put,pongo
should I send,mando
should we dance,bailamos
should we have,tomamos
should we sit,nos sentamos
show,espectáculo
shower,ducha,ducharse,ducharte,me ducho
showers,se ducha
sick,enfermo
sign,anuncio
sing,cantar
singing,cantar
sir,señor
sirs,señores
sister,hermana
sit,sentarnos,sentarse
site,sitio
six,seis
six hundred,seiscientos
sixteen,dieciséis
sixty,sesenta
size,talla
skateboard,patineta
skirt,falda
slap,galleta
sleep,dormir,duermo
sleepy,sueño
slight,delgado
slightly,un poco
slim,delgado
slow,lento
slowly,despacio,lento
small,chico,pequeña,pequeñas,pequeños
small ,pequeño
small town,pueblo,pueblos
smart,inteligentes,listo
smarter,rápido
smooth,tranquilo
snow,nevó,nieva,nieve
snowing,nevando
so,entonces,sol,tan
so nice to meet you,mucho gusto
soccer,fútbol
softer,amable,dulce
some,algo de,parte,unas,unos
some (people),alguno
somebody,alguien
someone,alguien
something,algo
sometimes,a veces
son,hijo
song,canción
sons,hijos
soon,pronto
sorry,lo siento,perdón
sound,ruido
soup,sopa
souvenir,recuerdo
speak,digo,hablamos,hablan,hablas,hablé,hablo,habló
speaking,hablando
speaks,habla,hablan,hable
special,especial
spectacles,lentes
spending,pasar
spicy,picante
spoke,hablé
spoken,hablan
spoon,cuchara
sport,deporte
sports,deporte
spring,primavera
springtime,primavera
stands up,se levantan
start,abrió,abriste,empiezan,empiezo,montamos,montaste
started,empecé
started with,comencé
starter,entrada
station,estación
stations,estación
stay,quedar,quedarme,quedarnos
staying,quedarnos
stick,tipo
stonework,fábrica
stood,grupo,lugar,pie
stop,parada
stops,parada
store,negocio,tienda
straight,derecho
street,calle
student,alumno,estudiante
students,estudiantes
studied,estudiaste,estudié,estudió
studious,estudioso
study,estudiamos,estudié,estudio,estudió
studying,estudiando
subject,asignatura
substance,cuerpo
subway,metro
sugar,azúcar
suit,traje
suitcase,maleta
suitcases,maletas
summer,verano
summertime,verano
sun,sol
supermarket,supermercado
supper,cena
surely,seguro
surprise,sorpresa
surprised,sorprendido
swim,nadamos,nadar
swimming,nadar
swimming pool,piscina
sympathetic,simpático
table,mesa
take,gire,tome
takes,coge,toma
taking,coges,cojo,comiendo
talk,conversar,hablé,hable
talking,hablando,hablas,hablo
tall,alta,alto
task,tarea
taste,probé
taught,enseñar
taxi,taxi
taxis,taxis
tea,té
tea party,té
teach,enseñar
teacher,maestra,maestro
teaching,enseñando
tear,siete
teas,tés
teeth,diente
telephone,llamar
telephones,teléfonos
television,tele,televisión
tell,cuento,decir
telly,tele
ten,diez
tennis,tenis
tense,nervioso
text,mensaje
than,que
thank you,gracias
thanks,gracias
that,aquel,ese,eso,que,tan
the,el,la,las,los
the better,mejor
the blue one,el azul
the most,el más,la más
the red one,el rojo
the worst one,el peor
the yellow one,la amarilla
theater,cine,teatro
their,las,los
their names are,se llaman
theirs,suyo
them,ellas,ellos
then,ahí,entonces,luego
there,ahí,allá,allí
there are,hay
there is,hay
there is going to,va
there's,hay,tienes
these,estas,estos
they,ellas,ellos,le,les,lo
they are,son,tienen
they are buying,compran
they are called,se llaman
they are going back,vuelven
they are having lunch,almuerzan
they are interested in,les interesa
they are learning,aprenden
they are losing,pierden
they are opening,abren
they are seeing,ven
they are starting,empiezan
they are studying,estudian
they are watching,ven
they are wearing,usan
they are writing,escriben
they ate,comieron
they brush,se cepillan
they buy,compran
they call me,me llaman
they came,vinieron
they can,pueden
they cleaned,limpiaron
they close,cierran
they closed,cerraron
they cooked,cocinaron
they cost,cuestan
they drank,bebieron
they drink,beben
they eat,comen
they eat lunch,almuerzan
they eat them,las comen
they feel,se sienten
they found,encontraron
they get up,se levantan
they go out,salen
they have to,tienen que
they help us,nos ayudan
they know us,nos conocen
they learn,aprenden
they learned,aprendieron
they leave,salen
they like,gustaron,les gusta
they listen to us,nos escuchan
they live,viven
they looked,miraron
they lose,pierden
they love,les encanta
they met,conocieron
they need,necesitan
they opened,abrieron
they played,jugaban
they read,leen
they shower,se duchan
they start,empiezan
they study,estudian
they took,hicieron
they traveled,viajaron
they try,prueban
they understand,entienden
they use,usan
they used to eat,comían
they used to have,tenían
they used to play,jugaban
they used to visit,visitaban
they visit you,te visitan
they visited,visitaron
they walked,caminaron
they wash themselves,se lavan
they washed,lavaron
they watch,ven
they watched,miraron
they went,fueron,hicieron
they went out,salieron
they were,era,eran,estuvieron
they will,van
they would eat,comían
they write,escriben
they wrote,escribieron
they've known us,nos conocen
they've worked,trabajan
they/you-plural are,están
they/you-plural like,quieren
they/you-plural love,quieren
they/you-plural stayed,estuvieron
they/you-plural were,estuvieron
thin,delgado
thing,cosa
think,pensando,pienso
thinking,pensando
third,tercer,tercero
thirst,sed
thirsty,sed
thirteen,trece,trece
thirty,media,treinta,treinta
this,esta,este,esto
three,tres
three hundred,trescientos
through,por
ticket,boleto,entrada
tickets,boletos
tight,duro
time,hora,momento,tiempo
timing,momento
tiny,pequeña,pequeñas
tired,cansada,cansado,sueño
tired oneself out,cansada,cansado
to,a,por,que
to agree (oneself),acordarse
to answer,responder
to arrive,llegar,venir
to ask,preguntar
to ask for,pedir
to award (oneself),acordarse
to be,estar,haber,ser
to be able to,poder
to be alive,vivir
to begin,comenzar,empezar
to bring,traer
to brush,cepillarse
to buy,comprar
to carry,llevar
to change,cambiar
to clean,limpiar
to clear,limpiar
to close,cerrar
to close down,cerrar
to close up,cerrar
to come,llegar,venir
to come out,salir
to commence,comenzar
to continue,seguir
to cook,cocinar
to dance,bailar
to die,morir
to die out,morir
to do,hacer,hacer
to draw,dibujar,pintar
to dream,soñar
to drink,beber
to eat,comer
to eat dinner,cenar
to end,acabar
to enjoy,disfrutar
to expect,pensar
to fall,quedarme
to fall asleep,dormir
to feel,sentirse
to fetch,traer
to find,encontrar,encontrar
to finish,acabar
to finish up,acabar
to fit (oneself),ponerse
to fly,volar
to follow,seguir
to forget,olvidar
to game,jugar
to get,recibir
to get together,quedar
to get up,levantarme,levantarse
to give,dar
to give on to,dar
to go,ir,ir
to go back,volver
to go out,ir,salir
to go to bed,acostarse
to go to pieces,abajo
to go with,acompañar
to hate,odiar
to have,haber,tener,tomar
to have a mid-morning snack,almorzar
to have breakfast,desayunar
to have classes,clases
to have dinner,cenar
to have elevenses,almorzar
to have lunch,almorzar
to hear,oír,oír
to her,le
to hope,esperar
to ice,limpiar
to invite,invitar
to keep,seguir
to keep (oneself),quedarse
to know,conocer,saber,saber
to know how to swim,saber
to lead to,dar
to leak,llover
to learn,aprender
to leave,salir
to leave … behind,olvidar
to like,gustar
to listen,escuchar,oír
to listen to,escuchar
to live,vivir
to loathe,odiar
to look,mirar,ver
to look at,mirar
to look for,buscar,buscar
to look up,buscar
to lose,perder
to lose one's way,perder
to love,amar,encantar
to make,hacer
to meet,conocer,encontrar
to meet up,encontrarme
to miss,perder
to need,necesitar,necesitar
to open,abrir,empezar
to open out,abrir
to open up,abrir
to order,pedir
to paint,pintar
to pay,pagar
to pinch (oneself),levantarse
to play,jugar,tocar
to play for time,tiempo
to play with,jugar
to practice,practicar
to prefer,preferir
to prove,probar
to put,poner
to put in,poner
to put on,poner,ponerse,ponerte
to race,correr
to rain,llover
to reach,llegar
to read,leer
to recall,recordar
to remember,recordar
to remember (oneself),acordarse
to remind,recordar
to respond,responder
to respond to,responder
to return,volver
to ride,llevar,montar
to run,correr
to say,decir
to say to oneself,decir
to send,mandar
to serve,servir
to shower,ducharse,ducharte
to sing,cantar
to sit,sentarnos,sentarse
to sit down,sentarse
to sketch,dibujar
to sleep,dormir
to smoke,fumar
to snow,nevar
to speak,hablar
to start,comenzar,empezar
to stay,parar,quedar,quedarme,quedarnos,quedarse
to stay (oneself),quedarse
to stop,parar,parar
to study,estudiar
to swim,nadar
to take,coger,tomar
to take (oneself),levantarse,ponerse
to take a shower,ducharse
to take in,tomar
to talk,hablar
to talk about,hablar
to teach,enseñar
to the,al,del
to think,pensar
to think about,pensar
to touch,tocar,tocar
to travel,viajar
to try,probar
to try on,probar,probarse,probarte
to turn,girar
to understand,comprender,entender
to use,usar
to visit,visitar
to wait,esperar
to wait for,esperar
to wake up,despertarme
to walk,caminar
to want,querer
to wash,lavar,lavarnos,lavarse
to wash up,lavarse
to wash yourself up,lavarse
to watch,mirar
to wear,llevar,ponerme,usar
to wonder,preguntar
to work,trabajar
to worry,preocuparse
to write,escribir
today,hoy
together,junto
tomato,tomate
tomorrow,mañana
tongue,lengua
tongues,lengua
too,demasiado,también
too big,grandes
tooth,diente
toothbrush,cepillo de dientes
top,camisa
touch,probaste,prueba,prueban,pruebas,pruebo
town,aldea,ciudad,pueblo
towns,ciudades,pueblos
toy,juguete
tradition,tradición
train,tren
trained,estudiaba
travel,viajar,viajaron,viajaste,viajé,viaje,viajó
traveled,viajamos,viajé
tree,árbol
tries,pruebe
trip,viaje
trouble,problema
trousers,pantalón
try,probamos,probaste,probé,prueba,prueban,pruebas,pruebe,pruebo
trying on,probarte
turn,gira,giro
turns down,baja
twelve,doce
twenty,veinte,veinte
twenty first,veintiuno
twenty-eight,veintiocho
twenty-five,veinticinco
twenty-four,veinticuatro
twenty-nine,veintinueve
twenty-one,veintiún,veintiuno
twenty-seven,veintisiete
twenty-six,veintiséis
twenty-three,veintitrés
twenty-two,veintidós
two,dos
two hundred,doscientos
types,tipo
under,debajo
undergo,haga
understand,comprender,comprendo,entendemos,entiende,entienden,entiendo
unfortunately,desafortunadamente
uninteresting,aburrido
universities,universidades
university,universidad
university students,estudiantes
unlocking,abres
unwell,mal
upstairs,arriba
us,a nosotros,nosotras,nosotros
use to swim,nadaba
uses,use
using,usando
usually,generalmente,normalmente,usualmente
vacation,vacaciones
vacations,vacaciones
vegetable,vegetal
vegetarian,vegetariano
very,muy
very big,grandísimo
village,aldea
villages,aldea
visit,visitamos,visitar,visitaron,visitaste,visitó
visited,visitaban,visité
visiting,visitar
volleyball,vóleibol
wait,espere
waiter,camarero,mesero
waitress,camarera
wake up,levantarme
waking up,despertarme
walk,caminar,caminaron,caminaste,caminé
wall,pared
wallet,cartera
wallets,carteras
want,queremos,querría
wanted,querido,quisiera
wanting,buscando
wants,quiere
warm,caliente,calor,caluroso
was,fue
wash,lavar,lavarnos,lavaron,lávate,lávese,lavó,limpio
washed,lavar,lavó
wasn't,no
watch,miramos,miré,reloj
watching,miro,ver
water,agua
we,abrimos,nos,nosotras,nosotros
we (feminine),nosotras
we are,estamos,somos,tenemos
we are are listening to,escuchamos
we are brushing,nos cepillamos
we are choosing,elegimos
we are coming,venimos
we are eating,comemos
we are enjoying,disfrutamos
we are going,vamos
we are going back,volvemos
we are having lunch,almorzamos
we are interested,interesan
we are interested in,nos interesa
we are learning,aprendemos
we are meeting up,nos encontramos
we are playing,jugamos
we are reading,leemos
we are serving,servimos
we are showering,nos duchamos
we are talking,hablamos
we are thinking,pensamos
we are traveling,viajamos
we are trying,probamos
we are walking,caminamos
we arrive,venimos
we arrived,vinimos
we ask,pedimos
we ate,comíamos,comimos
we ate dinner,cenamos
we began,comenzamos
we bought,compramos
we brush,nos cepillamos
we buy,compramos
we call you,te llamamos
we came,vinimos
we can,podemos
we choose,elegimos
we close,cerramos
we closed,cerramos
we come,venimos
we dance,bailamos
we danced,bailamos
we drank,bebimos
we drink,bebemos
we eat,comemos
we eat lunch,almorzamos
we enjoy,disfrutamos
we enjoyed,disfrutamos
we fell asleep,dormimos
we find,encontramos
we found,encontramos
we functioned,servimos
we get up,nos levantamos
we go,volvemos
we go out,salimos
we got up,nos levantamos
we had,comimos
we had dinner,cenamos
we have dinner,cenamos
we have lived,vivimos
we have lunch,almorzamos
we have to,tenemos que
we heard,oímos
we knew,conocimos
we learn,aprendemos
we learned,aprendimos
we like,gustan,nos gusta
we listened to,escuchamos
we lived,vivimos
we lock,cerramos
we looked at,miramos
we lose,perdemos
we love,encantan,nos encanta
we met,conocimos
we met up,nos encontramos
we miss,perdemos
we need,necesitamos
we open,abrimos
we opened,abrimos
we order,pedimos
we play,jugamos
we played,jugábamos
we prefer,preferimos
we preferred,preferimos
we put on,nos ponemos
we ran,corrimos
we read,leemos
we remember,nos acordamos,recordamos
we remembered,nos acordamos,recordamos
we return,volvemos
we ride,montamos
we rode,montamos
we sat down,nos sentamos
we saw,vimos
we say,decimos
we shower,nos duchamos
we showered,nos duchamos
we sit,nos sentamos
we sleep,dormimos
we slept,dormimos
we speak,hablamos
we start,empezamos
we started,comenzamos,empezamos
we stayed,estuvimos
we studied,estudiamos
we study,estudiamos
we swam,nadamos
we swim,nadamos
we tell,decimos
we think,pensamos
we thought,pensamos
we took,cogimos
we traveled,viajamos
we try,probamos
we understand,entendemos
we use,usamos
we used,usamos
we used to eat,comíamos
we used to have,teníamos
we used to live,vivíamos
we used to play,jugábamos
we visit,visitamos
we visited,visitamos
we wake up,nos despertamos
we walk,caminamos
we walked,caminamos
we want,queremos
we wear,usamos
we went,fuimos
we went out,salimos
we went running,corrimos
we went to bed,nos acostamos
we were,éramos,estuvimos,fuimos
we were alive,vivíamos
we were being,éramos
we were eating,comíamos
we were living,vivíamos
we were playing,jugábamos
we woke up,nos despertamos
we work,trabajamos
we worked,servimos,trabajamos
we write,escribimos
we wrote,escribimos
we're drinking,tomamos
we're going,vamos
we're having,bebemos,tenemos
we're stopping by,pasamos
wear,usan,use
wearing,usando
weather,clima,tiempo
week,semana
weekend,fin de semana
weekends,fines de semana
weeks,semanas
weight,peso
well,bueno
well-to-do,bien
went,fui
were,era,éramos,eran,estar
were you swimming,nadabas
what,cómo,cuál,cuáles,cuánto,qué
what do you think,qué le parece
what time,a qué hora
what's the weather like,qué tiempo hace
when,a qué hora,cuando,cuándo
where,adónde,donde,dónde
which,cuál,cuáles
which one,cuál
which ones,cuáles
white,blanco
whiteboard,pizarra
who,quién,quiénes
who (singular),quién
whole,todo
whom,quién
why,por qué
wife,esposa,mujer
will,va a,vamos a,van a,vas a,voy a
will you help me,me ayudas
wind,viento
window,ventana
windy,viento
wine,vino
wines,vinos
winter,invierno
with,a,al,con,de
with cash,en efectivo
with me,conmigo
with no,sin
with you,contigo
within,dentro
without,sin
wives,mujeres
woman,mujer,señora
women,mujeres
wonderful,estupendo
woodland,bosques
woods,bosques
word,palabra
work,hicieron,hicimos,trabaja,trabajamos,trabajan,trabaje,trabajo
works,trabaje
world,mundo
worried,preocupado
worse,peor
worst,peor
would you like,gustaría
wrist,muñeca
write,escriba,escribí,escribieron,escribimos,escribiste
writes,escriba
writing,escribes,escribiendo
wrong,malo
yard,jardín,patio
year,año
yellow,amarillo
yes,sí
yesterday,ayer
you,a ti,lo,te gusta,te,ti,tú,usted,ustedes
you all,ustedes
you are,están,estás
you are closing,cierran,cierras
you are drinking,bebe
you are eating,comes
you are getting up,te levantas
you are going,vas
you are going back,vuelves
you are putting on,se ponen
you are reading,leen,lees
you are wasting,pierdes
you are welcome,de nada
you are working,trabaja
you arrive,llega,llegue
you ate,comiste
you begin,empiezas
you bought,compraste
you bring,traes
you brush,se cepillan
you came,llegaste,viniste
you choose,eliges
you close,cierra
you come back,vuelva,vuelve,vuelves
you continue,siga
you cook,cocina
you could,pueden
you do,haz
you drank,bebiste
you drink,beba,bebes
you earn,ganas
you eat lunch,almuerza
you enjoy,disfruta
you enjoyed,disfrutaron
you feel,te sientes
you found,encontraste
you get up,levantarte,levántate,levántese,te levantas
you give,das
you go,sigue,van,vas,vaya,ve
you go back,vuelven
you guys,ustedes
you had,tenías,tuviste
you have lunch,almuerzan
you have to,tiene que,tienes que
you hear,oye,oyes
you help,ayude
you help me,me ayudas
you know,conoces,sabes
you know how to swim,sabes nadar
you know me,me conoce
you learn,aprendes
you learned,aprendiste
you like,te gusta
you listen to me,me escucha
you listen up,escuche
you live,vives
you lived,viviste
you love,quieres
you make,hace,haces,haga,haz
you may,puedes
you met,conociste
you miss,pierdes
you must,tienes que
you need,necesita,necesitan,necesitas,tienes que
you paid for,pagaste
you play,pones
you played,jugabas,practicó
you put,pon,pones,ponga
you put on,se ponen,te pones
you quash,casas
you ran,corrió
you read,lees
you return,vuelve,vuelves
you rode,montaste
you said,hablaste
you shower,te duchas
you sit,siéntate
you sit down,siéntate,siéntese
you speak,hable
you start,empiezas
you stayed,estuviste
you studied,estudiabas,estudiaste
you study,estudia,estudias
you take,coges,gire
you traveled,viajaste
you try,pruebas,pruebe
you turn,gira,gire
you use,use
you used to be,eras
you used to live,vivías
you used to play,jugabas
you used to ride,montabas
you used to study,estudiabas
you visited,visitaste
you wait,espere
you walked,caminaste
you want,quieren,quieres
you wash,lávate,lávese,se lavan
you wash yourself,lávate
you wear,te pones
you went out,saliste
you were,eras,estuviste
you were being,eras
you were eating,comías
you were having,tenías
you were reading,leías
you were swimming,nadabas
you win,ganas
you work,trabaje
you write,escriba,escribe,escribes
you wrote,escribiste
you'll,tú,usted
you're,eres,estás,vas a
you're saying,dices
you're welcome,de nada
you've worked,trabajas
you-formal help,ayuda
you-formal put/pile/stack … one on top of the other,encima
you-formal swim,nada
you-formal were,estuvo
young,joven,jóvenes,pequeños
young ladies,señoritas
young man,joven
young people,jóvenes
young woman,joven
young women,jóvenes
younger,menor
youngest,menor
your,al,el,la,las,los,sus,te,tu,tus
your (plural),tus
your formal,su
your name is,te llamas
yours,suyo,tuyo
yourself,sí,te,ti
zero,cero
zoo,zoológico
