a él,he
a lo mejor,maybe
a menudo,often
a mí,i,me
a nosotros,us
a qué hora,when,what time
a ti,you
a veces,sometimes
a,to,with,away
abajo,downstairs,down,to go to pieces
abierto,driven,made,open
abre,it opens,does it open,open
abren,drive,get,they are opening
abres,unlocking,open,can you open
abrí,open,get,got
abriendo,opening
abrieron,open,did they open,they opened
abrigo,coat
abril,April
abrimos,we open,we,we opened
abrió,did she open,open,start
abrir,to open,to open out,to open up
abriste,did you open,start,bored
abro,I'm opening,drive,open
abuela,grandmother
abuelito,grandpa,grandfather,granddad
abuelo,grandfather
aburrido,boring,bored,uninteresting
acá,here
acabar,to finish,to end,to finish up
aceite,oil
acompañar,go with,to go with,accompany
acordarse,to award (oneself),to agree (oneself),to remember (oneself)
acostarse,to go to bed,go to bed,lie down
adiós,goodbye
adónde,where
adulto,adult
aeropuerto,airport
agosto,August,I wither,I parch
agua,water
ah,ah,oh
ahí,there,then
ahora,now,a moment ago
ajedrez,chess
al lado,next to
al,to the,with,your
álbum,album
alcohol,alcohol
aldea,village,town,villages
alemán,German
algo de,some
algo,something,anything,a little
alguien,anyone,someone,somebody
algún,any,a,one
alguno,any,some (people),one
allá,there,over there
allí,there
almorzamos,we eat lunch,we have lunch,we are having lunch
almorzar,to have lunch,to have elevenses,to have a mid-morning snack
almuerza,he eats lunch,you eat lunch,she eats lunch
almuerzan,they eat lunch,they are having lunch,you have lunch
almuerzas,are you having lunch,do you have lunch,lunch
almuerzo,lunch,I eat lunch
alta,tall,high
alto,tall,high,high ground
alumno,student
amable,kind,nice,softer
amar,to love,love
amarillo,yellow
ambos,both
americana,American
americano,American
amiga,friend
amigo,friend,buddy,bud
animal,animal
año nuevo,New Year's
año,year
anoche,last night
antes,before,previously,first
anuncio,advertisement,sign,announcement
apartamento,apartment
aprende,she is learning,he learns,she learns
aprendemos,we learn,learn,we are learning
aprenden,they learn,they are learning,are you learning
aprender,to learn,learning,learn
aprendes,are you learning,you learn,learn
aprendí,I learned,learned
aprendiendo,learning
aprendieron,did you learn,learn,they learned
aprendimos,learn,we learned,learned
aprendió,she learned,learn,he learned
aprendiste,did you learn,learn,you learned
aprendo,I am learning,learning,I learn
aquel,that
aquí,here
árbol,tree
arriba,upstairs,come on!,above
arroz,rice
arte,art
asado,baked,grilled,roasted
asignatura,subject
atrás,ago,in the back,at the back
aula,classroom
autobús,bus
aventura,adventure,affair
avión,plane,airplane,aircraft
ay,oh,ouch
ayer,yesterday,past
ayuda,help,you-formal help,he/she/it helps
ayudar,help,assist,helping
ayude,help,you help,helps
azúcar,sugar
azul,blue
baila,he dances,dancing,dance
bailamos,we dance,we danced,should we dance
bailar,to dance,how to dance,dancing
bailé,I danced,danced,dance
baile,dance,dance!,dance hall
bailes,dances
baja,turns down,goes down,low
bajo,short
baloncesto,basketball
banana,banana
bananas,bananas
banco,bank,banks
baño,bathroom
bar,bar,bars
barato,cheap
barba,beard,beards
barco,ship,boat,riverboat
básquetbol,basketball
beba,drink,you drink,have
bebe,he is drinking,you are drinking,he drinks
bebé,baby
bebemos,we drink,we're having,drink
beben,are they drinking,they drink,drinks
beber,to drink,drink,drinking
bebes,do you drink,you drink,drink
bebí,I had,drink,I drank
bebida,drink
bebiendo,drinking,he's having,having
bebieron,drink,they drank,did you drink
bebimos,we drank,drank
bebió,drink,did you drink,she had
bebiste,drink,you drank,did you drink
bebo,I drink,I am drinking,drink
béisbol,baseball
bello,beautiful,pretty
biblioteca,library,bookcase,bookshelves
bibliotecas,libraries,bookshelves,bookcase
bici,bike
bicicleta,bicycle
bien,ok,fine,well-to-do
blanco,white
blusa,blouse
boca,mouth
boleto,ticket
boletos,tickets,coupons
bolígrafo,pen
bolígrafos,pens,ballpoint pens
bolsa,bag
bonita,nice,pretty,beautiful
bonitas,nice,pretty,beautiful
bonito,pretty
bonitos,beautiful,nice,pretty
bosques,woods,woodland,forests
bota,boot,jump
botella,bottle
brazo,arm
buen provecho,bon appétit,enjoy your meal
buen,good,nice,great
buenas noches,good night,good evening
buenas tardes,good afternoon,good evening
bueno,well,all right,anyway
buenos días,good morning
búho,owl
buscando,looking for,searching for,wanting
buscar,to look for,to look for,to look up
caballo,horse,horses
cabello,hair
cabeza,head
cada,every,each
café,coffee
cafés,cafés,coffees,brown
caja,box,checkout
caliente,hot,warm
calle,street
calor,hot,warm,heat
caluroso,hot,warm
cama,bed
cámara,camera
camarera,waitress,barmaid,maid
camarero,waiter,barman,bellboy
cambiar,to change,replace,change
caminamos,we are walking,we walk,we walked
caminar,to walk,walk
caminaron,did you walk,they walked,walk
caminaste,walk,you walked,did you walk
caminé,I walked,walk
caminó,he walked,did you walk,she walked
camisa,shirt,blouse,top
camiseta,T-shirt
campamento,camp,camping
canción,song
cansada,tired,made something tired,tired oneself out
cansadísimo,really tired
cansado,tired,made something tired,tired oneself out
cantar,to sing,singing,sing
cara,face,expensive,faces
carne,meat,pork,beef
carnes,meats
caro,expensive
carretera,highway,road
carro,car,automobile
carros,cars,automobiles,carriages
carta,letter,card
cartera,purse,bag,wallet
carteras,purses,wallets,satchels
casa,house
casas,houses,homes,you quash
catorce,fourteen
celular,cell phone,cellphone,cell
celulares,cell phones
cena,dinner,supper
cenamos,we have dinner,we had dinner,we ate dinner
cenar,dinner,to eat dinner,to have dinner
centavo,cent,penny
centro,center,downtown,area
cepillarse,to brush
cepillo de dientes,toothbrush
cepillo,brush,hair,hairbrush
cerca de,close to
cerca,close,near,nearby
cercano,close,nearby,closed
cerdo,pig,pork
cereal,cereal,grain
cero,zero,nought,love
cerrado,closed
cerramos,we closed,we close,we lock
cerrar,to close,to close up,to close down
cerraron,did they close,they closed,close
cerré,I closed,close,I shut
cerró,she shut,he closed,did he shut
cerveza,beer
césped,grass,lawn
champán,champagne
chaqueta,jacket
chef,chef
chico,boy,small
chileno,Chilean
chino,Chinese,curly
chocolate,chocolate
chorizo,sausage,chorizo
ciclismo,cycling,biking
cien,one hundred,a/one hundred
ciento,a hundred,percent,one hundred
cierra,you close,does it close,lock
cierran,they close,you are closing,close
cierras,do you close,can you close,you are closing
cierro,close,I close,should I close
cinco,five,moment
cincuenta,fifty,number fifty
cine,theater,movie theater,cinema
cinturón,belt
ciudad,city,town
ciudades,cities,towns
clase,class
clases,classes,to have classes,classrooms
clima,weather,climate
cocina,he is cooking,you cook,kitchen
cocinar,to cook,how to cook,cooking
cocinaron,cook,did they cook,they cooked
cocinó,cook,she cooked,he cooked
coge,makes,he takes,takes
coger,to take
coges,get,taking,you take
cogí,caught,made,I took
cogimos,made,we took,get
cojo,get,taking,I take
colega,colleague
color,color,colors,dye
come,it eats,do you eat,she eats
comemos,we eat,we are eating,do you eat
comen,do you eat,are you eating,they eat
comencé,I started,started with,I began
comenzamos,we started,we began,do we start
comenzar,to start,to commence,to begin
comenzó,began,begin,she started
comer,to eat,eat,eating
comes,ate,you are eating,do you eat
comí,I had,I ate,had
comía,eaten,did she use to eat,I ate
comíamos,we used to eat,we ate,we were eating
comían,they used to eat,they would eat,did you use to eat
comías,ate,did you use to eat,you were eating
cómic,comic
comida,eaten,food,meal
comiendo,eating,having,taking
comienzo,I begin,beginning,I start
comieron,they ate,eat,did you eat
comimos,ate,we had,we ate
comió,did she eat,ate,he ate
comiste,eat,did you eat,you ate
cómo está el tiempo,how's the weather
cómo está,how's
cómo se dice,how do you say
cómo se escribe,how do you write
cómo te va,how's it going
como,I eat,I am eating,like
cómo,how's,what,how
cómoda,dresser,comfortable,convenient
cómodo,idle,comfy,convenient
compañero de clase,classmate
compañero de cuarto,roommate
completamente,completely
compra,he is buying,groceries,buy
compramos,are we buying,we bought,we buy
compran,they buy,get,they are buying
comprar,to buy
compraron,fixed,did you buy,buy
compraste,did you buy,did you get,you bought
compré,I bought,buy,get
comprender,understand,to understand,realize
comprendo,understand
compró,fixed,did she buy,she got
computadora,computer
computadoras,computers
con,with
concierto,concert,I arrange,I agree
conciertos,concerts,concert
conmigo,with me
conocer,to meet,know,to know
conoces,you know,are you familiar with,have you known
conocí,know,knew,I knew
conocieron,did you meet,they met,meet
conocimos,we knew,we met,meet
conoció,know,he met,did they meet
conociste,know,you met,did you meet
conozco,know,I'm familiar with,I know
contento,happier,happy,glad
contigo,with you
conversación,conversation
conversar,talk,chat,converse
correo electrónico,email
correos electrónicos,emails
correr,to run,run,to race
corrimos,we ran,run,we went running
corrió,run,she ran,you ran
cosa,thing
cuál,what,which,which one
cuáles,which,what,which ones
cuando,when
cuándo,when
cuánta,how much
cuántas,how many
cuánto,how much,what,how long
cuántos años,how old
cuarenta,forty,number forty
cuarto,quarter,room,bedroom
cuartos,bedrooms,rooms,fourth (num.)
cuatro,four,number four,four-stringed guitar
cuatrocientos,four hundred
cubana,Cuban
cubano,Cuban
cuchara,spoon
cuchillo,knife
cuenta,check
cuento,I'm telling,rely on,tell
cuerpo,body,substance,figure
cuesta,is,it's hard,it is
cuestan,they cost,do they cost,are
cumpleaños,birthday,birthday party,birthdays
curso,course,class,grade
dar,to give,to give on to,to lead to
das,could you give me,are you giving,you give
de compras,shopping
de nada,you're welcome,you are welcome
de niño,as a child
de verdad,real,for real,really
de vez en cuando,every once in a while,once in a while,now and then
de,with,made of,off
debajo,under
decimos,we tell,do we say,we say
decir,to say,to say to oneself,tell
del,of the,to the
delgado,thin,slim,slight
demasiado,too
dentro,inside,in,within
deporte,sport,sports
derecha,right,right hand,right-hand
derecho,straight
desafortunadamente,unfortunately,sadly
desayunar,to have breakfast
desayuno,breakfast,I eat breakfast
descanso,rest,break
despacio,slowly,gently,quietly
despertarme,to wake up,waking up
después,after,next,afterward
detrás,behind
día,day
diario,paper,daily,newspaper
días,days
dibujando,drawing
dibujar,to draw,draw,to sketch
diccionario,dictionary
dices,can you tell,you're saying,could you tell
diciembre,December
diecinueve,nineteen,number nineteen
dieciocho,eighteen,number eighteen
dieciséis,sixteen
diecisiete,seventeen,number seventeen
diente,tooth,teeth
diez,ten
diferente,different
difícil,difficult
dificilísimo,really difficult
digo,speak,I say,go
dije,said,I said,I told
dijiste,said,did you tell,did you say
dijo,he said,he told,said
dinero,money
diploma,diploma,certificate,degree
dirección,direction,address,setting
direcciones,directions,headship,managements
disculpa,excuse me
disculpe,excuse me
disfruta,you enjoy,he enjoys,he is enjoying
disfrutamos,we enjoyed,we enjoy,we are enjoying
disfrutando,enjoying
disfrutar,to enjoy,enjoy
disfrutaron,did you enjoy,enjoy,you enjoyed
disfrutaste,did you enjoy,enjoyed,enjoy
disfruté,I enjoy,I enjoyed,enjoy
disfrutó,it enjoyed,he enjoyed,she enjoyed
disponible,available
divertida,funny,fun
divertido,fun
doce,twelve,number twelve
dólar,dollar
domingo,Sunday,Sabbath,allowance
domingos,Sundays,Sunday,Sabbath
donde,where
dónde,where
dormimos,we sleep,we slept,we fell asleep
dormir,to sleep,sleep,to fall asleep
dormitorio,room,bedroom,dormitory
dos,two
doscientos,two hundred
doy,giving,I'm giving,should I give
ducha,shower
ducharse,to shower,to take a shower,shower
ducharte,to shower,shower
duermo,I am sleeping,sleep,I fall asleep
dulce,mild,softer,milder
durante,during,for
duro,heavier,tight,severe
edad,age
ejemplo,instance,example,lead
el azul,the blue one
el más,the most
el mío,mine
el peor,the worst one
el rojo,the red one
él,he,him,it
el,the,your,her
elegante,elegant
elegimos,we are choosing,choose,we choose
elegir,choose,select
eliges,you choose,can you choose,choose
elijo,should I choose,I choose,I'm choosing
ella,she,her,she'll
ellas,they,them
ellos,they,them
emocionados,excited
emocionante,exciting,moving
emocionar,move,moves
empecé,I started,I began,started
empezamos,we started,begin,we start
empezar,to start,to begin,to open
empezó,he began,did it start,she started
empieza,begin,does it start,it begins
empiezan,they are starting,they start,start
empiezas,you begin,open,you start
empiezo,I am starting,I start,start
empresa,business,firm,company
en efectivo,with cash
en,in
encantan,we love,I love
encantar,to love
encantaron,did you love
encantó,did you love,I loved
encima,on top of,put/pile/stack something one on top of the other!,you-formal put/pile/stack something one on top of the other
encontramos,we find,we found,found
encontrar,to find,to find,to meet
encontrarme,to meet up,meeting up
encontraron,they found,found,did you find
encontraste,you found,did you find,find
encontré,find,found,met up
encontró,he found,encountered,she found
encuentra,find,finds,encounters
enero,January
enfermo,sick,ill
enfrente,in front,I/he/she/it/you bring something face to face,I/he/she/it/you bring something into conflict
enojado,annoyed,mad,angry
ensalada,salad
ensaladas,salads
enseñando,teaching
enseñar,to teach,teach,taught
entendemos,we understand,understand
entender,to understand
entiende,understand,do you understand,he understands
entienden,do you understand,understand,they understand
entiendo,I can understand,understand,get
entonces,then,so,anyway
entrada,ticket,driven,starter
entre,between,among,I/he/she/it/you enter
era,they were,age,were
éramos,were,we were,we were being
eran,were,they were,it was
eras,you used to be,you were being,you were
eres,you're,aren't being,are you
es,is,are you,it's
escriba,you write,writes,write
escribe,does she write,he is writing,you write
escriben,they are writing,do you write,they write
escribes,writing,you write,are you writing
escribí,I wrote,write,I typed
escribiendo,writing
escribieron,did they write,write,they wrote
escribimos,we wrote,write,we write
escribió,did you write,she wrote,he wrote
escribir,to write
escribiste,did you write,write,you wrote
escribo,contribute,I write,I am writing
escritorio,desk
escuchamos,we are are listening to,heard,we listened to
escuchando,listening to,hearing,listening
escuchar,hear,to listen,to listen to
escuche,hear,you listen up,he/she hears
escuela,school
escuelas,schools,coaching,colleges
ese,that
eso,that
España,Spain
español,Spanish,Spaniard,Spanish man
española,Spanish
especial,special
espectáculo,show,performance,entertainment
espera,expected,she hopes,hold on
esperar,to wait,to wait for,to hope
espere,hold on,you wait,wait
espero,I am waiting for,I wait,I hope
esposa,wife
esposo,husband
está,it is
esta,this
estación,station,stations,season
estamos,have been (since),are we,we are
están,you are,are,they/you-plural are
estantería,bookcase,bookshelf,shelf
estar,being,to be,were
estas,these
estás,you are,are,you're
este,this
esto,this
estos,these
estoy,I'm,am,I am
estudia,you study,she studies,does he study
estudiaba,I was studying,trained,I used to study
estudiabas,did you use to study,you studied,you used to study
estudiamos,study,we study,we studied
estudian,they are studying,they study,investigate
estudiando,studying
estudiante,student
estudiantes,students,university students,college students
estudiar,to study
estudias,you study,have you been studyin,do you study
estudiaste,you studied,did you study,studied
estudié,study,I studied,studied
estudio,I am studying,study,I study
estudió,studied,study,he studied
estudioso,studious
estupendo,wonderful,great,beautiful
estuve,I was,I stayed
estuvieron,they were,they/you-plural were,they/you-plural stayed
estuvimos,we were,we stayed,is
estuviste,you were,you stayed,are
estuvo,it was,he/she/it/you stayed,you-formal were
Europa,Europe
europeo,European
examen,exam
excelente,excellent,fine,great
excursión,hiking,hike,outing
extra,extra,option
fábrica,factory,stonework
fácil,easy
facilísimo,really easy
falda,skirt
familia,family
familias,families
famoso,celebrated,famous,celebrity
fantástico,great,fantastic,meant
favorita,favorite
favorito,favorite
febrero,February
fecha,date
felices,happy
feliz,happy,apt,felicitous
fiesta,party,holiday,don't
fiestas,parties,festival,festivals
fin de semana,weekend
final,end,final,ending
fines de semana,weekends
flor,flower
foto,picture,photo,photos
francés,French
francesa,French
Francia,France
frecuentemente,frequently,often
frijol,food,bean
frío,cold,I fry,I waste
frito,fried,fry
fruta,fruit
fue,was,he went,did he go
fuera,outside
fueron,they went,go,did they go
fui,I left,go,went
fuimos,go,we were,we went
fuiste,is,left,go
fumar,to smoke
fútbol,soccer,football
galleta,cracker,biscuit,slap
ganas,you win,you earn,make
gato,cat
gatos,cats,noughts and crosses,amateurs
generalmente,generally,usually
genial,cool,Great!,awesome
gente,people,good,kind
gimnasio,gym
gira,it turns,you turn,turn
girar,to turn
gire,take,you take,you turn
giro,do I turn,I turn,turn
golf,golf
gordo,fat
gorra,cap
gracias,thanks,thank you,party piece
gracioso,funny
gran,great,big,large
grande,big
grandes,big,too big,large
grandísimo,really big,very big,really large
granja,farm
gris,gray,grey
grupo,band,group,stood
guapo,good-looking,handsome,dressed-up
guitarra,guitar
gustan,do they like,we like,I like
gustar,to like
gustaría,like,would you like
gustaron,I liked,they like,I like
gustó,like
haber,had,to be,to have
habitación,room,bedroom
habla,he is speaking,does he speak,speaks
hablamos,we speak,we are talking,speak
hablan,spoken,speaks,speak
hablando,talking,speaking,ringing
hablar,to speak,to talk,to talk about
hablas,do you speak,speak,talking
hablaste,said,did you speak,you said
hablé,speak,spoke,talk
hable,speaks,you speak,talk
hablo,I am talking,speak,talking
habló,speak,did he talk,he spoke
hace mucho tiempo,a long time ago
hace,is,you make,makes
hacer,to do,to do,to make
haces,you make,are you doing,made
haciendo,doing,acting,getting
haga,you make,it's,undergo
hago,made,I make,make
hambre,hunger,hungry
hamburguesa,burger,hamburger
hasta luego,see you later,I'll see you later
hasta mañana,see you tomorrow
hay,there is,there are,there's
haz,you make,make,you do
hermana,sister
hermano,brother
hermoso,beautiful,lovely,beautifully
hice,I asked,I did,I took
hicieron,they took,work,they went
hicimos,work,made,packed
hiciste,did you play,become,made
hielo,ice
hija,daughter
hijo,son
hijos,children,sons
hip-hop,hip-hop
hizo,he made,made,asked
hobby,hobby
hola,hello,hi
hombre,man,bloke,guy
hombres,men
hora,hour,time
hospital,hospital,hospitals
hotel,hotel,hotels
hoy,today,nowadays
huevo,egg,ball,lump
idioma,language
iglesia,church
imagen,image,picture
importante,important
importantes,important,considerable (plural),serious (plural)
Inglaterra,England
inglés,English,British,Englishman
inglesa,English
inteligente,intelligent
inteligentes,intelligent,smart
interesan,interest,we are interested
interesante,interesting
interesantes,interesting
invierno,winter
invitación,invitation,invite
invitar,to invite,have
ir,to go,to go,to go out
italiano,Italian
izquierda,left
jamás,never,ever
japonés,Japanese
jardín,garden,yard
jazz,jazz
jefe,boss,manager
joven,young,young man,young woman
jóvenes,young,young people,young women
juego de mesa,board game
juego,playing,games,play
jueves,Thursday,Thursdays
jugaba,she would play,I used to play,did she use to play
jugábamos,we used to play,we were playing,we played
jugaban,they used to play,did you use to play,they played
jugabas,did you use to play,you played,you used to play
jugador,player
jugamos,we are playing,we play,played
jugar,to play,to play with,to game
jugo,juice
jugos,juices
juguete,toy
julio,July,joule
junio,June
junto,next,along,together
kilo,kilo,kilogram
la amarilla,the yellow one
la más,the most
la quiero,I want it
la,the,your,her
lago,lake
lápiz,pencil
largo,long
las comen,they eat them
las,your,the,their
lavar,to wash,washed,wash
lavarnos,to wash,wash
lavaron,did they wash,wash,they washed
lavarse,to wash,to wash up,to wash yourself up
lávate,wash,you wash,you wash yourself
lávese,you wash,wash
lavó,wash,he washed,washed
le encanta,loves,he loves,do you love
le gusta,he likes,likes,do you like
le hago,I'm asking her,I ask her,I'm asking him
le interesa,he is interested in,she is interested in,is into
le,her,to her,they
lección,lesson,lecture
leche,milk
lee,lees,she is reading,read
leemos,we are reading,we read,read
leen,they read,you are reading,do you read
leer,to read
lees,read,you are reading,you read
leía,I used to read,she was reading,she read
leías,you were reading,reading,did you use to read
lejos,far,far away,by far
lengua,language,tongues,tongue
lentes,glasses,spectacles,lenses
lento,slow,slowly
leo,I read,read,Leo
les encanta,do they love,they love,loves
les gusta,do they like,they like,like
les interesa,are you interested in,they are interested in
les,hers,they,him
levantarme,to get up,wake up,getting up
levantarse,to get up,to take (oneself),to pinch (oneself)
levantarte,you get up
levántate,you get up
levántese,you get up
leyendo,reading
librería,bookstore,bookshop
libro,book
libros,books
ligero,lit,mild,light
limpiar,to clean,to ice,to clear
limpiaron,clean,they cleaned,did they clean
limpió,she cleaned,clean
limpio,wash,clearer,I am cleaning
listo,smart,ready,cute
llamar,calling,hails,telephone
llave,key,lock
llega,is,you arrive,it reaches
llegar,to arrive,to reach,to come
llegaste,did you reach,you came,arrive
llegué,I reached,arrive,I arrived
llegue,you arrive,arrives,I get
lleno,full,crowded,filled
lleva puesto,is he wearing,he's wearing,she wears
llevar,to carry,to wear,to ride
llover,to rain,to leak
lloviendo,raining
llovió,it rained,rain
llueve,does it rain,it rains,raining
lluvia,rain,barrage,hail
lo compro,I'm buying it
lo quiero,I want it
lo siento,sorry,I am sorry
lo,they,him,you
los necesita,she needs them,he needs them
los,the,their,your
luego,later,then,later on
lugar,location,place,stood
lunes,Monday,Mondays
madre,mother
maestra,teacher
maestro,teacher
mal,unwell,bad,ill
maleta,suitcase
maletas,suitcases,Luggage,bags
malo,mean,bad,wrong
mamá,mom,mother
mañana,tomorrow,morning,future
mandar,to send
mando,I send,should I send,direct
manejar,drive,driving,handles
mano,hand
mantequilla,butter
manzana,apple,block
marido,husband
marrón,brown
martes,Tuesday,Tuesdays
marzo,March
más,more,any more,most
mascota,pets,pet,mascot
mayo,May
mayor,elderly,old,biggest
me acordé,I remembered,I didn't remember
me acuerdo,remember
me acuesto,I go to bed
me ama,she loves me
me ayudas,you help me,can you help me,will you help me
me cepillo,I brush
me compra,she buys me,he is buying me,he buys me
me conoce,he knows me,you know me,she knows me
me despierto,I wake up
me ducho,I shower,shower
me encanta,love
me encuentro,feel,I meet up,i'm
me enseña,she is teaching me,he teaches me,he is teaching me
me escucha,he listens to me,she listens to me,you listen to me
me gusta,I like,like
me interesa,I'm interested in,it interests me,I am interested in
me lavo,I wash
me levanté,I stood up
me levanto,I get up
me llaman,they call me
me llamo,my name is
me necesita,she needs me,he needs me
me pongo,I am putting on,I'm putting on,I put on
me preocupo,I worry,I'm worried
me puedo probar,can I try on
me quedo,I stay,I'm staying
me siento,I've been feeling (since),I feel,I'm feeling
me,myself,I,me
media,meant,average,thirty
medianoche,midnight
médica,doctor,medical
medicina,medicine
médico,doctor
mediodía,noon,midday
mejor,the better,better,best
menor,little,younger,youngest
menos,minus,fewer,but
mensaje,message,text
menús,menus
mes,month
mesa,table
mesero,waiter,server
metro,meters,meter,subway
mexicana,mexican
mexicano,Mexican
mí,me
mi,my
miedo,scared,fear,afraid
miércoles,Wednesday,Wednesdays
mil,one thousand,one thousand
millón,million,millionth
minuto,minute
mío,mine
mira,look,look at,looks at
miramos,look,watch,we looked at
mirar,to look,to look at,to watch
miraron,they watched,did they watch,they looked
miré,look at,watch,I saw
miro,I look at,watching,I am watching
miró,look,he watched,he looked at
mis,my
mismo,same,himself
moderno,modern,fashionable
momento,moment,time,timing
montaba,I rode,I used to ride,he was riding
montabas,did you use to ride,you used to ride
montamos,we ride,start,we rode
montar,riding,to ride,ride
montaste,did you ride,start,you rode
morado,purple
moreno,darker,dark-haired,brunette
morir,to die,to die out
motocicleta,motorcycle
muchas,many,a lot of,lots of
mucho gusto,nice to meet you,so nice to meet you
mucho,a lot
muchos,lots of,a lot of,many
mujer,woman,wife,lady
mujeres,women,wives
mundo,world
muñeca,doll,wrist
museo,museum,museums
música,music,composer,harmonica
muy,very
nacionalidad,nationality
nada,nothing,he/she/it swims,you-formal swim
nadaba,I used to swim,I was swimming,use to swim
nadabas,you were swimming,did you use to swim,were you swimming
nadamos,we swam,we swim,swim
nadar,to swim,swimming,swim
nadie,nobody,no one,no-one
naranja,orange
nariz,nose
navidad,Christmas,Yule,Xmas
necesita,does she need,you need,does he need
necesitamos,do we need,we need,need
necesitan,you need,they need,need
necesitar,to need,to need
necesitas,you need,do you need,need
necesito,need,I need,do I need
negocio,business,store,deal
negro,black
nervioso,nervous,tense
nevando,snowing
nevar,to snow
nevera,fridge,refrigerator
nevó,it snowed,snow
nieva,snow,it snows,is it snowing
nieve,snow
niña,girl,child,daughter
ningún,any,none,no
ninguno,neither,none of them,any
niño,boy,child,kid
no lo sé,I do not know,I don't know
no,do not,wasn't,n't
noche,night,evening
nochebuena,Christmas Eve
nochevieja,New Year's Eve
nombre,name
normalmente,normally,usually
nos acordamos,we remembered,we remember,remember
nos acostamos,we went to bed,go
nos ayudan,they help us
nos ayudas,can you help us
nos cepillamos,we are brushing,we brush
nos compra,he buys us,she buys us
nos conocen,they know us,they've known us
nos despertamos,we wake up,are we waking up,we woke up
nos duchamos,we shower,we are showering,we showered
nos encanta,we love,love
nos encontramos,we met up,we are meeting up,are we meeting up
nos escuchan,they listen to us
nos gusta,we like,like
nos interesa,we are interested in
nos levantamos,we get up,are we getting up,we got up
nos llamamos,our names are
nos llamas,call us
nos ponemos,makes us,we put on,put
nos sentamos,we sit,should we sit,we sat down
nos sentimos,feel
nos vemos,see you
nos visita,she is visiting us,he visits us,he is visiting us
nos,we,for us,ourselves
nosotras,we,we (feminine),us
nosotros,we,us
nota,note,grade,he notices
novecientos,nine hundred,900
noventa,ninety
novia,girlfriend,bride,fiancée
noviembre,November
novio,boyfriend,fiancé,groom
nublado,cloudy
nuestro,our,ours
nuevas,new,newer,newest
nueve,nine
nuevo,new,newer,newest
nuevos,new,newer,newest
número,number,act,constable
nunca,never
o,or
obra de teatro,play
ochenta,eighty,number eighty
ocho,eight,number eight
ochocientos,eight hundred
octubre,October
ocupada,busy
ocupado,busy,been on the game,concerned
odiar,hate,to hate,to loathe
oficina,office
oficinas,offices
oigo,hears,hear,I'm hearing
oímos,hears,hear,we heard
oír,to hear,to hear,to listen
ojo,eye,look out
olvidar,to forget,to leave something behind
once,eleven,number eleven
oración,sentence,prayer
oreja,ear
oscuro,dark,darker
otoño,autumn,fall
otra vez,again
otro,other,another one,another
oye,you hear,hey,hears
oyes,do you hear,you hear,hear
padre,father,dad
padres,parents,fathers
pagamos,pay,paid,are paying for
pagar,to pay
pagaste,pay,you paid for,did you pay for
página,page
pagó,he paid for,did you pay,pay
país,country,land
pájaro,bird
palabra,word
pan,bread,bar,cake
panes,bread
pantalón,trousers,pants
papá,dad,father
papa,potato
papel,role,paper,part
paquete,package,pack
par,pair,couple
para él,in his opinion
para ella,in her opinion
para,for
parada,stops,stop,caught
parar,to stop,to stop,to stay
parece,does it seem,appears,look
pared,wall
parque,park,parks,parked
parrilla,grill,grate
parte,part,leaves,some
partido,game,match,departed
partidos,games,matches,administrative area
pasado,last,had,passed
pasamos,we're stopping by,passed,did we send
pasaporte,passport
pasaportes,passports
pasar,passing,go,spending
pastel,cake
patata,potato
patineta,skateboard
patio,backyard,yard,patio
pedimos,we order,asked,we ask
pedir,to order,order,to ask for
película,movie,film
películas,movies,films
pelota,ball
pena,shame,pity
pensamos,we thought,we think,we are thinking
pensando,thinking,planning,think
pensar,to think,to think about,to expect
peor,worse,worst
pequeña,little,tiny,small
pequeñas,little,small,tiny
pequeño,small ,little ones,shorts
pequeños,little,small,young
perdemos,lose,we lose,we miss
perder,to lose,to miss,to lose one's way
perdón,sorry,excuse me,pardon
perdona,pardon me,forgive me,excuse me
perdone,pardon me,excuse me,forgive
perezoso,lazy
perfecto,perfect
periódico,newspaper,daily newspaper
pero,but,only
perro,dog
perros,dogs
persona,person
personas,people
pescado,fish
peso,I weigh out,shot,weight
pez,fish
piano,piano
picante,hot,spicy,salty
pie,foot,stood,based
piensa,do you plan,he plans,he thinks
pienso,think,planning,figured
pierden,they lose,they are losing,lose
pierdes,you miss,lose,you are wasting
pierna,leg
pintar,to paint,to draw,paint
pintura,painting,paint
piscina,pool,swimming pool
piso,ground,floor,press
pizarra,chalkboard,blackboard,whiteboard
pizza,pizza
plan,planned,plan,designed
planta,plants,plant,floor
plátano,banana
plato,dish,course,plate
playa,beach,beaches
pobre,poor,poor thing
poco,little,bit,a while
podemos,can,can we,we can
poder,to be able to
pollo,chicken
pon,put,you put,place
poner,to put,to put on,to put in
ponerme,to wear,putting on,put
ponerse,to put on,to take (oneself),to fit (oneself)
ponerte,to put on,putting on,put
pones,you play,you put,play
ponga,you put,put
pongo,should I put,I get,I put
popular,popular,folk
por favor,please
por qué,why,reason
por supuesto,of course
por,to,because,through
porque,because
portugués,Portuguese
portuguesa,Portuguese
posible,possible
postre,dessert
practicamos,played,practice
practicar,to practice
practicó,you played,he played,she played
practiqué,I played,play,I practiced
precio,price,charge,deal
preferimos,preferred,we preferred,we prefer
preferir,preferring,preferred,to prefer
pregunta,question
preguntar,to ask,to wonder
preguntas,questions
pregunto,I wonder,I ask,ask
premio,prize,award
preocupado,anxious,worried,concerned
preocuparse,to worry
primavera,spring,springtime
primer,first
primero,first
primo,cousin
probador,fitting room
probamos,we try,we are trying,try
probar,to try,to try on,to prove
probarse,to try on
probarte,to try on,trying on
probaste,try,touch,did you try
probé,try,taste,I tried
problema,problems,matter,trouble
profesor,professor
pronto,soon,early,prompt
próximo,next,nearest,ahead
proyecto,project
prueba,try,touch,quiz
prueban,try,touch,they try
pruebas,try,touch,you try
pruebe,tries,you try,try
pruebo,try,touch,essay
pueblo,town,people,small town
pueblos,towns,peoples,small town
puede traer,can you bring
puede,I may,could you,can you
pueden,they can,you could,may
puedes,can,you may,could you
puedo,I can,can,may I
puerta,door,gate
puesto,I have on,put,on
qué le parece,what do you think
qué tal,how's,how are you,how
qué te parece,What do you think,How does it sound
qué tiempo hace,what's the weather like
que viene,next
que,than,that,to
qué,what,how
quedar,to stay,to get together,stay
quedarme,stay,to stay,to fall
quedarnos,to stay,staying,stay
quedarse,to stay,to stay (oneself),to keep (oneself)
queremos,want,we want,love
querer,to want,love,like
querido,dear,wanted
querría,I would like,he would want,want
queso,cheese
quién,who,who (singular),whom
quiénes,who
quiere,mean,wants,do you want
quieren,you want,they/you-plural love,they/you-plural like
quieres,do you want,you want,you love
quiero,mean,I love,I want
quince,fifteen,fifteen
quinientos,five hundred
quisiera,I would like,I wish,wanted
radio,radio
rápido,quick,quickly,smarter
recibir,receive,get,to get
recordamos,we remembered,we remember,remember
recordar,to remember,to remind,to recall
recuerdo,I remember,remember,souvenir
refrigerador,fridge,refrigerator,refrigerators
regalo,gift
reloj,watch,clock
reserva,reservation
responder,to answer,to respond to,to respond
responsable,responsible,reliable
respuesta,answer,response,reply
restaurante,restaurant
restaurantes,restaurants
reunión,meeting,reunion
río,Rio,I am laughing,river
rojas,red
rojo,red
rojos,red
ropa,clothes
rubio,blond
ruido,noise,noisy,sound
sábado,Saturday,Sabbath
sábados,Saturdays,Saturday,Sabbath
sabe usted,do you know
saber,to know,to know,to know how to swim
sabes cuándo,do you know when
sabes nadar,you know how to swim
sabes quién,do you know who
sabes,you know,know,do you know
sal,salt
sala,lounge,living room,room
sale,departs,issues,he is leaving
salen,they go out,they leave,do they leave
salgo,I leave,I'm leaving,leaving
salí,left,I left,appeared
saliendo,coming out,leading,leave
salieron,they went out,go,leave
salimos,we went out,we go out,leave
salió,she went out,he left,out
salir,to leave,to go out,to come out
saliste,did you go out,you went out,did you leave
salsa,sauce,salsa,dip
saludable,healthy
sándwich,sandwich,sandwiches
sándwiches,sandwiches
se cepillan,they brush,you brush
se ducha,she showers,he showers,showers
se duchan,are they showering,they shower,do you shower
se lavan,you wash,they wash themselves
se levanta,he gets up,does he get up,are you getting up
se levantan,they get up,do you get up,stands up
se llama,her name is,his name is,it is called
se llaman,are the names of,their names are,they are called
se pone,he puts on,she puts on,is she putting on
se ponen,you put on,put,you are putting on
se queda,falls,he is staying,remains
se siente,he feels,she feels,she is feeling
se sienten,do you feel,they feel,feel
sé,know,can,I know how to
secretario,secretary,minister
sed,thirsty,thirst
seguir,to continue,to keep,to follow
segundo,second,2
seguro,insurance,positive,surely
seis,six
seiscientos,six hundred,600
semana,week,allowance,pocket money
semanas,weeks,allowances,pocket money
señor,Mr.,sir,gentleman
señora,ma'am,woman,lady
señoras,ladies,Mrs.
señores,men,gentlemen,sirs
señorita,lady,miss,Ms.
señoritas,ladies,girls,young ladies
sentarnos,to sit,sit,be seated
sentarse,to sit down,to sit,sit
sentirse,to feel,feel,feeling
septiembre,September
ser,to be,be,made
servimos,we are serving,we worked,we functioned
servir,serving,to serve,serve
sesenta,sixty
setecientos,seven hundred
setenta,seventy
sí,yes,yourself
siempre,always,providing (that),provided (that)
siéntate,you sit,you sit down
siéntese,you sit down
siete,seven,number seven,tear
siga,follow,you continue,continue
sigue,you go,is following,keeps
siguiente,following,next
silla,chair
simpática,nice
simpático,nice,sympathetic,pleasant
sin,absent,without,with no
sitio,site,location,place
sobre,on,about,on top of
sol,sun,G,so
solo,by itself,by myself,by yourself
sombrero,hat
somos,we are,are,be
son,are they,are,they are
soñar,to dream
sopa,soup
sorprendido,surprised,shocked
sorpresa,surprise,favor
soy,I am,am
su,his,her,your formal
sucio,dirty
sueño,tired,dream,sleepy
supermercado,supermarket
sus,your,his plural,her plural
suyo,hers,yours,theirs
talla,size,carve
también,also,too,as well
tampoco,neither,either
tan,that,so,as
tarde,late,afternoon,evening
tarea,homework,assignment,task
tarjeta de crédito,credit card,credit
tarjeta,card,business card
taxi,taxi,cab
taxis,taxis
taza,cup,mug
te compra,she buys you,he buys you
te conozco,I know you
te duchas,do you shower,you shower,are you showering
te encanta,do you love,love
te gusta,you like,do you like,you
te interesa,does it interest you,are you interested in
te levantas,you get up,you are getting up,do you get up
te llamamos,we call you
te llamas,your name is,is your name
te necesito,I need you
te pones,you put on,you wear,are you putting on
te sientes,do you feel,are you feeling,you feel
te visitan,they visit you
té,tea,tea party
te,your,you,yourself
teatro,theater,movie theater,cinema
tele,TV,television,telly
teléfono,phone
teléfonos,phones,telephones
televisión,television,TV
temprano,early
tenedor,fork
tenemos que,do we need to,we have to,need
tenemos,we're having,we are,do we have
tener,to have,have
tengo que,I need to,I have to,have
tengo,I've got,is there,I'm having
tenía,he had,he used to have,have
teníamos,produced,knew,we used to have
tenían,they used to have,have,did you use to have
tenías,you were having,knew,you had
tenis,tennis,plimsoll,running shoe
tercer,third
tercero,third
tés,teas
ti,you,yourself
tiempo,time,to play for time,weather
tienda,store
tiene que,you have to,he needs to,she must
tiene,is,makes,does it have
tienen que,has to,need,they have to
tienen,they are,is there,make
tienes que,you need,you have to,you must
tienes,have,are,there's
tinto,red
tipo,types,kinds,stick
tocar,to play,to touch,to touch
todo el mundo,everybody
todo el tiempo,all the time
todo,all,whole,everybody
todos,all,all of,everybody
toma,she takes,takes,he takes
tomamos,should we have,made,we're drinking
tomar,to take,to take in,to have
tomate,tomato
tome,drink,go,take
tomo,I drink,drink,I am taking
trabaja,work,you are working,she is working
trabajamos,work,we worked,we work
trabajan,do they work,work,they've worked
trabajar,to work
trabajas,have you been working,do you work,you've worked
trabaje,you work,work,works
trabajo,work,I work,jobs
tradición,tradition
traer,could you bring,to bring,to fetch
traes,you bring,can you bring
traigo,get,should I bring,I bring
traje,suit,garment,costume
trajiste,get,got,did you bring
trajo,did you bring,he brought,she brought
tranquilo,calm,quiet,smooth
trece,thirteen,thirteen
treinta,thirty,thirty
tren,train
tres,three
trescientos,three hundred
triste,sad,dismal,gloomy
tristes,sad
tú,you,you'll
tu,your
tus,your,your (plural)
tuve,I had,got,have
tuviste,you had,had,did you have
tuvo,did she have,experienced,he had
tuyo,yours
último,past,final,last
un poco,slightly,any,kind of
un,a,an,one
una,a,an,one
unas,some,a few,a
universidad,university,college
universidades,universities,colleges
uno,one
unos,some,an,ones
usa,she is using,he is using,does he wear
usamos,we used,we wear,we use
usan,they use,they are wearing,wear
usando,using,wearing,are you using
usar,to use,to wear
usas,do you use,are you using,do you wear
use,uses,you use,wear
uso,I am wearing,I am using,I use
usted,you,you'll
ustedes,you guys,you,you all
usualmente,usually,normally
va a,is,she's,will
va,is,there is going to,she goes
vaca,cow
vacaciones,vacation,vacations
vamos a,will
vamos,let's,we're going,we are going
van a,will
van,you go,go,they will
vaqueros,jeans
vas a,you're,attend,will
vas,you go,go,you are going
vaso,glass
vaya,go,you go,I go
ve,she sees,hears,you go
vegetal,vegetable,plant
vegetariano,vegetarian
veinte,twenty,twenty
veinticinco,twenty-five
veinticuatro,twenty-four
veintidós,twenty-two
veintinueve,twenty-nine
veintiocho,twenty-eight
veintiséis,twenty-six
veintisiete,twenty-seven
veintitrés,twenty-three
veintiún,twenty-one
veintiuno,twenty-one,twenty first
ven,they are seeing,they are watching,they watch
vengo,I'm coming,I come,come
venimos,we are coming,we come,we arrive
venir,to come,come,to arrive
ventana,window
ver,saw,to look,watching
verano,summer,summertime
verde,green
verdes,green,green (plural)
vestido,dress
vi,saw,see,I saw
viajamos,traveled,we are traveling,we traveled
viajar,to travel,travel
viajaron,travel,they traveled,did you travel
viajaste,you traveled,travel,did you travel
viajé,travel,I traveled,traveled
viaje,trip,travel,drive
viajó,travel,she traveled,he traveled
vida,lifetime,life,lives
viejo,old,old man
viene,does she come,he comes,come
viento,wind,windy
viernes,Friday,Fridays
vimos,saw,see,we saw
vine,I arrived,I came,come
vinieron,they came,did you come,come
vinimos,we arrived,we came,come
viniste,you came,did you come,come
vino,wine,he/she/it/you came,he/she/it/you arrived
vinos,wines,receptions
visitaba,he used to visit,she used to visit,he visited
visitaban,they used to visit,visited,did you use to visit
visitamos,we visit,we visited,visit
visitar,to visit,visiting,visit
visitaron,they visited,visit,did you visit
visitaste,visit,did you visit,you visited
visité,I visited,visited
visitó,she visited,did you visit,visit
viste,saw,did you see,did you watch
vive,he lives,live,do you live
viven,do you live,they live,are living
vives,live,do you live,you live
viví,I lived,lived
vivía,she lived,I used to live,live
vivíamos,we used to live,we were alive,we were living
vivían,did they use to live,did they live,lived
vivías,you used to live,did you use to live
vivimos,live,we lived,we have lived
vivió,she lived,he lived,live
vivir,to live,live,to be alive
viviste,did you live,you lived,lived
vivo,alive,brighter,live
volar,to fly
vóleibol,volleyball
volvemos,we are going back,we return,we go
volver,to go back,to return,come back
voy a,will,i'm
voy,go,I will leave,going
vuelva,get back,you come back,he/she returns
vuelve,you come back,you return,are you coming back
vuelven,again,they are going back,you go back
vuelves,you come back,you are going back,you return
vuelvo,I return,I go back,return
y,and
ya,already,now,right now
yo,I,me
zapato,shoe
zoológico,zoo
